date,y_true,y_pred,residual,abs_error
2017-11-12,608.2799999999999,378.30927336972445,229.9707266302754,229.9707266302754
2017-11-13,475.5799999999999,476.5126812864577,-0.9326812864577505,0.9326812864577505
2017-11-14,1030.7999999999997,657.4394667336181,373.3605332663816,373.3605332663816
2017-11-15,115.94999999999997,640.0593642025541,-524.1093642025542,524.1093642025542
2017-11-16,411.0199999999998,581.6614421461212,-170.6414421461214,170.6414421461214
2017-11-17,372.8999999999999,642.4722809915878,-269.5722809915879,269.5722809915879
2017-11-18,886.3699999999998,613.2339199132005,273.1360800867993,273.1360800867993
2017-11-19,470.1399999999999,435.58179771644967,34.5582022835502,34.5582022835502
2017-11-20,434.47999999999996,461.9443641307367,-27.464364130736726,27.464364130736726
2017-11-21,475.7099999999999,697.961318735336,-222.2513187353361,222.2513187353361
2017-11-22,713.7599999999998,474.9820651047007,238.77793489529904,238.77793489529904
2017-11-23,757.2,679.6390255965279,77.56097440347219,77.56097440347219
2017-11-24,481.3499999999999,616.5126083104141,-135.16260831041416,135.16260831041416
2017-11-25,1123.8800000000003,668.1449140600847,455.7350859399156,455.7350859399156
2017-11-26,445.86,436.0130923824309,9.846907617569116,9.846907617569116
2017-11-27,435.7500000000001,454.3666411284587,-18.616641128458582,18.616641128458582
2017-11-28,776.2800000000002,640.5169017451614,135.76309825483884,135.76309825483884
2017-11-29,790.11,595.4926918276118,194.61730817238822,194.61730817238822
2017-11-30,576.5800000000002,710.7732121360441,-134.19321213604394,134.19321213604394
2017-12-01,633.6,599.6534318157976,33.94656818420242,33.94656818420242
2017-12-02,738.3599999999997,725.4541758871788,12.905824112820824,12.905824112820824
2017-12-03,124.40000000000002,415.5131033339736,-291.1131033339736,291.1131033339736
2017-12-04,813.4099999999997,399.90220431481197,413.5077956851878,413.5077956851878
2017-12-05,494.7600000000001,730.2673738440781,-235.50737384407796,235.50737384407796
2017-12-06,289.8400000000001,571.9960771275829,-282.1560771275828,282.1560771275828
2017-12-07,189.28000000000006,620.8581347983709,-431.5781347983708,431.5781347983708
2017-12-08,563.07,554.0702470603304,8.999752939669634,8.999752939669634
2017-12-09,782.6800000000001,700.9525926338827,81.7274073661174,81.7274073661174
2017-12-10,478.7599999999999,349.8249827631334,128.93501723686649,128.93501723686649
2017-12-11,325.4300000000001,510.56283084318613,-185.132830843186,185.132830843186
2017-12-12,589.4700000000001,611.1029942325424,-21.632994232542273,21.632994232542273
2017-12-13,652.1700000000002,522.7350271642189,129.4349728357813,129.4349728357813
2017-12-14,644.0499999999997,573.1928193756169,70.85718062438286,70.85718062438286
2017-12-15,686.7600000000001,622.0186842737476,64.74131572625254,64.74131572625254
2017-12-16,446.96999999999997,717.4843689314298,-270.51436893142983,270.51436893142983
2017-12-17,583.8799999999999,375.15586094306775,208.72413905693213,208.72413905693213
2017-12-18,103.69600000000004,467.4595957254505,-363.7635957254505,363.7635957254505
2017-12-19,596.8200000000002,553.9610397473205,42.85896025267971,42.85896025267971
2017-12-20,857.25,573.2809424208236,283.96905757917636,283.96905757917636
2017-12-21,973.0500000000001,649.255646253166,323.7943537468341,323.7943537468341
2017-12-22,384.2799999999999,655.8576086973549,-271.57760869735495,271.57760869735495
2017-12-23,616.7599999999998,623.4161623598837,-6.656162359883979,6.656162359883979
2017-12-24,503.51999999999987,407.6791972763273,95.8408027236726,95.8408027236726
2017-12-25,230.88,379.27996385455117,-148.39996385455117,148.39996385455117
2017-12-26,956.7900000000003,610.3539999808456,346.4360000191547,346.4360000191547
2017-12-27,718.3500000000004,623.400392113843,94.94960788615731,94.94960788615731
2017-12-28,508.79000000000013,668.5400226491583,-159.7500226491582,159.7500226491582
2017-12-29,490.92999999999984,564.8446992789459,-73.91469927894605,73.91469927894605
2017-12-30,788.78,663.4949717428156,125.28502825718442,125.28502825718442
2017-12-31,276.5300000000001,417.1088902276252,-140.5788902276251,140.5788902276251
2018-01-01,163.87999999999997,366.6034680364632,-202.72346803646323,202.72346803646323
2018-01-02,322.86000000000007,630.4790407827277,-307.6190407827276,307.6190407827276
2018-01-03,832.3599999999999,555.6822010196802,276.6777989803197,276.6777989803197
2018-01-04,854.9000000000003,641.3518722152951,213.54812778470523,213.54812778470523
2018-01-05,607.7899999999998,603.5762056063244,4.213794393675471,4.213794393675471
2018-01-06,824.2399999999997,692.5016505062803,131.7383494937194,131.7383494937194
2018-01-07,761.7399999999998,388.17554753147033,373.56445246852945,373.56445246852945
2018-01-08,238.04999999999998,373.7757762262378,-135.7257762262378,135.7257762262378
2018-01-09,280.87,569.6879919176664,-288.8179919176664,288.8179919176664
2018-01-10,792.1299999999998,574.0954855041674,218.03451449583235,218.03451449583235
2018-01-11,481.3900000000001,679.2942402088447,-197.9042402088446,197.9042402088446
2018-01-12,812.7300000000002,575.3310368896322,237.39896311036807,237.39896311036807
2018-01-13,1234.53,727.6486499872266,506.8813500127734,506.8813500127734
2018-01-14,491.87000000000006,457.7511822948278,34.11881770517226,34.11881770517226
2018-01-15,573.9899999999999,351.98678628233415,222.00321371766574,222.00321371766574
2018-01-16,589.0300000000002,591.0992577012651,-2.06925770126486,2.06925770126486
2018-01-17,320.16999999999996,625.5138539173009,-305.343853917301,305.343853917301
2018-01-18,491.3699999999999,573.2647144541587,-81.89471445415882,81.89471445415882
2018-01-19,438.26000000000005,612.4668387601578,-174.20683876015772,174.20683876015772
2018-01-20,813.7100000000002,728.5422545536112,85.16774544638895,85.16774544638895
2018-01-21,515.71,426.15180770498955,89.55819229501049,89.55819229501049
2018-01-22,500.2800000000001,393.3816068237411,106.89839317625899,106.89839317625899
2018-01-23,468.93999999999994,610.7455103149002,-141.8055103149003,141.8055103149003
2018-01-24,770.1399999999998,542.6716462333411,227.46835376665865,227.46835376665865
2018-01-25,764.8700000000001,629.106626138102,135.76337386189812,135.76337386189812
2018-01-26,644.2100000000003,590.3369822414179,53.873017758582364,53.873017758582364
2018-01-27,1035.7199999999998,740.2248843468266,295.49511565317323,295.49511565317323
2018-01-28,690.3400000000001,445.4223464713893,244.91765352861086,244.91765352861086
2018-01-29,564.76,405.2571191846904,159.5028808153096,159.5028808153096
2018-01-30,461.1600000000001,593.2987839889101,-132.13878398891006,132.13878398891006
2018-01-31,969.2700000000003,596.3675026848111,372.9024973151892,372.9024973151892
2018-02-01,696.6600000000001,670.0365956623255,26.62340433767463,26.62340433767463
2018-02-02,717.9100000000001,604.4438590377005,113.46614096229962,113.46614096229962
2018-02-03,837.9099999999997,781.3565080261326,56.55349197386715,56.55349197386715
2018-02-04,851.2199999999998,458.2491199330544,392.9708800669454,392.9708800669454
2018-02-05,299.08000000000004,428.70067853513416,-129.62067853513412,129.62067853513412
2018-02-06,444.21999999999997,544.1331053628471,-99.91310536284715,99.91310536284715
2018-02-07,620.2299999999998,627.280285939789,-7.050285939789205,7.050285939789205
2018-02-08,393.79,635.0150988256422,-241.2250988256422,241.2250988256422
2018-02-09,867.9900000000002,583.9991776624453,283.99082233755496,283.99082233755496
2018-02-10,935.9800000000001,790.9961648026255,144.98383519737467,144.98383519737467
2018-02-11,770.01,491.43100982216055,278.57899017783944,278.57899017783944
2018-02-12,760.4699999999999,393.12744176544646,367.34255823455345,367.34255823455345
2018-02-13,640.9899999999999,591.8741454638591,49.11585453614077,49.11585453614077
2018-02-14,836.34,622.8104876752682,213.52951232473185,213.52951232473185
2018-02-15,722.3599999999997,607.0704994846518,115.28950051534787,115.28950051534787
2018-02-16,863.75,649.1366475735337,214.61335242646635,214.61335242646635
2018-02-17,608.2699999999998,801.6141717614297,-193.34417176142995,193.34417176142995
2018-02-18,793.3300000000002,481.81561147754195,311.5143885224582,311.5143885224582
2018-02-19,291.04999999999995,447.27210224815656,-156.2221022481566,156.2221022481566
2018-02-20,488.0099999999998,549.8826099711646,-61.87260997116476,61.87260997116476
2018-02-21,691.8899999999999,639.3897412079294,52.50025879207044,52.50025879207044
2018-02-22,1132.0500000000002,632.149574847388,499.90042515261223,499.90042515261223
2018-02-23,798.5300000000002,691.1130983521008,107.41690164789941,107.41690164789941
2018-02-24,779.42,751.0130122581029,28.40698774189707,28.40698774189707
2018-02-25,986.6700000000004,516.4839863983973,470.1860136016031,470.1860136016031
2018-02-26,320.22999999999996,409.293836914536,-89.06383691453601,89.06383691453601
2018-02-27,339.35000000000014,541.6573409251031,-202.30734092510295,202.30734092510295
2018-02-28,649.3699999999999,610.4203942467743,38.94960575322557,38.94960575322557
2018-03-01,648.9799999999999,678.9096334382732,-29.9296334382733,29.9296334382733
2018-03-02,602.9499999999999,654.1927623292004,-51.242762329200445,51.242762329200445
2018-03-03,747.6100000000004,752.1045993514213,-4.494599351420902,4.494599351420902
2018-03-04,512.7200000000003,547.9992123106498,-35.27921231064954,35.27921231064954
2018-03-05,421.21000000000015,380.36200817768724,40.847991822312906,40.847991822312906
2018-03-06,369.58000000000004,527.8467841123901,-158.26678411239004,158.26678411239004
2018-03-07,691.2499999999998,615.8392266603921,75.41077333960766,75.41077333960766
2018-03-08,882.1200000000001,651.7720046387351,230.34799536126502,230.34799536126502
2018-03-09,916.1599999999997,659.9823991857841,256.1776008142157,256.1776008142157
2018-03-10,841.0200000000003,779.7633072254772,61.25669277452312,61.25669277452312
2018-03-11,955.4999999999998,523.2339297469094,432.26607025309033,432.26607025309033
2018-03-12,471.0899999999998,418.1568617464041,52.9331382535957,52.9331382535957
2018-03-13,255.0900000000001,519.7967658048874,-264.7067658048873,264.7067658048873
2018-03-14,658.2900000000002,600.2928077368359,57.997192263164266,57.997192263164266
2018-03-15,622.0299999999999,682.8403041741711,-60.81030417417128,60.81030417417128
2018-03-16,854.6800000000002,672.1767065656197,182.50329343438045,182.50329343438045
2018-03-17,745.4199999999997,786.0617727806474,-40.64177278064767,40.64177278064767
2018-03-18,1091.96,567.55301517481,524.4069848251901,524.4069848251901
2018-03-19,453.75000000000017,428.9460149331892,24.80398506681098,24.80398506681098
2018-03-20,555.1900000000002,477.1487625550754,78.04123744492477,78.04123744492477
2018-03-21,710.6300000000003,653.8850107973467,56.74498920265364,56.74498920265364
2018-03-22,685.4999999999999,659.4388580609432,26.06114193905671,26.06114193905671
2018-03-23,680.5899999999999,687.6743902411157,-7.084390241115784,7.084390241115784
2018-03-24,979.5800000000003,757.2630536841602,222.31694631584003,222.31694631584003
2018-03-25,242.60999999999996,618.2659574568622,-375.65595745686227,375.65595745686227
2018-03-26,171.84000000000006,366.82464686158795,-194.9846468615879,194.9846468615879
2018-03-27,689.4100000000002,471.64062251307087,217.76937748692933,217.76937748692933
2018-03-28,554.16,678.1237062040555,-123.96370620405548,123.96370620405548
2018-03-29,495.4100000000002,648.7212390622511,-153.31123906225093,153.31123906225093
2018-03-30,1077.96,655.2546579040384,422.70534209596167,422.70534209596167
2018-03-31,727.9299999999998,829.8257798342481,-101.89577983424829,101.89577983424829
2018-04-01,992.6999999999999,496.93325901542846,495.76674098457147,495.76674098457147
2018-04-02,442.7100000000001,377.92706550930376,64.78293449069633,64.78293449069633
2018-04-03,359.4399999999999,535.6586792518018,-176.21867925180192,176.21867925180192
2018-04-04,836.1799999999996,607.7267698373378,228.45323016266184,228.45323016266184
2018-04-05,830.9700000000003,652.7356882691632,178.23431173083702,178.23431173083702
2018-04-06,726.52,740.1115440758464,-13.5915440758464,13.5915440758464
2018-04-07,705.3800000000001,764.2381847790133,-58.858184779013186,58.858184779013186
2018-04-08,492.48000000000025,588.1755098235363,-95.6955098235361,95.6955098235361
2018-04-09,132.01999999999998,380.31948901062117,-248.2994890106212,248.2994890106212
2018-04-10,284.53,438.89232620383495,-154.36232620383498,154.36232620383498
2018-04-11,897.12,638.5122296999717,258.6077703000283,258.6077703000283
2018-04-12,958.2299999999998,695.1193369591731,263.1106630408267,263.1106630408267
2018-04-13,1056.5500000000002,722.4864753143283,334.06352468567184,334.06352468567184
2018-04-14,599.84,790.0904045982854,-190.2504045982854,190.2504045982854
2018-04-15,865.3300000000003,535.1002227017835,330.22977729821673,330.22977729821673
2018-04-16,287.6699999999999,340.9438495661245,-53.273849566124625,53.273849566124625
2018-04-17,125.56000000000004,454.7103855038996,-329.15038550389954,329.15038550389954
2018-04-18,1262.606,601.0301715964827,661.5758284035173,661.5758284035173
2018-04-19,999.8700000000003,748.3587870322112,251.5112129677891,251.5112129677891
2018-04-20,642.3500000000003,765.3428984730706,-122.99289847307034,122.99289847307034
2018-04-21,798.4200000000003,725.6626127937512,72.75738720624906,72.75738720624906
2018-04-22,571.5100000000002,601.7128359122627,-30.202835912262458,30.202835912262458
2018-04-23,646.8999999999999,342.22366308174253,304.67633691825733,304.67633691825733
2018-04-24,194.86000000000004,421.9569130110263,-227.09691301102626,227.09691301102626
2018-04-25,394.8299999999998,678.7359049673412,-283.90590496734137,283.90590496734137
2018-04-26,747.6100000000004,677.7019575368003,69.9080424632001,69.9080424632001
2018-04-27,958.1999999999999,713.8282002415816,244.37179975841832,244.37179975841832
2018-04-28,767.89,782.2432625240779,-14.353262524077877,14.353262524077877
2018-04-29,746.2800000000003,572.7716447141731,173.50835528582718,173.50835528582718
2018-04-30,367.0900000000001,391.28738795282453,-24.197387952824442,24.197387952824442
2018-05-01,423.6200000000001,387.88670141408835,35.73329858591177,35.73329858591177
2018-05-02,1124.27,646.382732708789,477.88726729121095,477.88726729121095
2018-05-03,1262.606,741.9418928550875,520.6641071449125,520.6641071449125
2018-05-04,445.68999999999994,787.8653865351289,-342.17538653512895,342.17538653512895
2018-05-05,666.3299999999999,714.7415445649351,-48.411544564935184,48.411544564935184
2018-05-06,459.74999999999983,594.2201354874657,-134.47013548746583,134.47013548746583
2018-05-07,484.89000000000016,353.4213630336822,131.46863696631794,131.46863696631794
2018-05-08,260.3499999999999,428.525595539738,-168.17559553973808,168.17559553973808
2018-05-09,412.15999999999997,691.937475008444,-279.77747500844407,279.77747500844407
2018-05-10,580.39,725.0031912669999,-144.61319126699993,144.61319126699993
2018-05-11,288.2,662.4931170342671,-374.29311703426714,374.29311703426714
2018-05-12,499.90000000000003,682.7068789636893,-182.80687896368926,182.80687896368926
2018-05-13,561.5799999999998,547.6499617721582,13.930038227841578,13.930038227841578
2018-05-14,359.9599999999998,380.5616584157661,-20.60165841576628,20.60165841576628
2018-05-15,384.97999999999996,383.09792084603214,1.8820791539678225,1.8820791539678225
2018-05-16,486.63000000000017,643.0267631093075,-156.3967631093073,156.3967631093073
2018-05-17,999.6,684.2690886660665,315.3309113339335,315.3309113339335
2018-05-18,255.51,642.5824349930474,-387.0724349930474,387.0724349930474
2018-05-19,610.8999999999997,643.7838770238244,-32.88387702382465,32.88387702382465
2018-05-20,388.65,571.9514267766575,-183.30142677665754,183.30142677665754
2018-05-21,286.6400000000001,355.0775504847334,-68.43755048473332,68.43755048473332
2018-05-22,946.0799999999998,389.545535542861,556.5344644571388,556.5344644571388
2018-05-23,557.7199999999999,701.1639818475146,-143.4439818475147,143.4439818475147
2018-05-24,493.27000000000015,738.4474802911052,-245.17748029110504,245.17748029110504
2018-05-25,629.8000000000001,553.2300949520472,76.56990504795283,76.56990504795283
2018-05-26,442.0499999999999,719.4692205783217,-277.4192205783218,277.4192205783218
2018-05-27,567.7299999999999,516.9362464911414,50.79375350885846,50.79375350885846
2018-05-28,511.73000000000025,360.19341691008503,151.5365830899152,151.5365830899152
2018-05-29,273.7100000000001,468.7855115798165,-195.0755115798164,195.0755115798164
2018-05-30,618.9600000000003,607.2385006818525,11.721499318147721,11.721499318147721
2018-05-31,947.1900000000002,693.3377727153556,253.85222728464453,253.85222728464453
2018-06-01,489.93000000000006,640.515314791363,-150.58531479136298,150.58531479136298
2018-06-02,424.41,650.9956730568814,-226.58567305688138,226.58567305688138
2018-06-03,741.3199999999998,538.0105061203183,203.30949387968155,203.30949387968155
2018-06-04,403.1400000000001,395.6610923524103,7.478907647589779,7.478907647589779
2018-06-05,392.8399999999998,396.1601913249631,-3.3201913249632753,3.3201913249632753
2018-06-06,739.5699999999999,643.1910181579647,96.37898184203527,96.37898184203527
2018-06-07,676.8499999999998,757.3947604001182,-80.54476040011843,80.54476040011843
2018-06-08,684.6999999999997,589.00726337235,95.69273662764965,95.69273662764965
2018-06-09,636.4999999999998,655.8881905670402,-19.388190567040397,19.388190567040397
2018-06-10,760.9600000000002,581.5664303655018,179.39356963449836,179.39356963449836
2018-06-11,467.9800000000001,386.75415524581905,81.22584475418103,81.22584475418103
2018-06-12,808.85,417.0474072823762,391.80259271762384,391.80259271762384
2018-06-13,999.4399999999999,703.7928297311322,295.64717026886774,295.64717026886774
2018-06-14,653.7699999999999,745.7711638323683,-92.00116383236843,92.00116383236843
2018-06-15,656.3799999999998,610.1570493858401,46.222950614159686,46.222950614159686
2018-06-16,503.38,670.310570308876,-166.93057030887599,166.93057030887599
2018-06-17,576.2099999999999,578.3262941176953,-2.116294117695361,2.116294117695361
2018-06-18,627.5899999999998,387.34082376372254,240.24917623627726,240.24917623627726
2018-06-19,766.8199999999997,475.35658561835373,291.463414381646,291.463414381646
2018-06-20,737.04,727.9509940414993,9.089005958500707,9.089005958500707
2018-06-21,727.3500000000003,715.5867935077879,11.763206492212362,11.763206492212362
2018-06-22,945.1199999999997,618.719659924502,326.40034007549764,326.40034007549764
2018-06-23,553.0200000000001,666.7560815050773,-113.73608150507721,113.73608150507721
2018-06-24,653.9499999999999,570.6052657294898,83.34473427051012,83.34473427051012
2018-06-25,743.4700000000001,415.61151588686084,327.8584841131393,327.8584841131393
2018-06-26,382.8899999999998,494.98804736816686,-112.09804736816704,112.09804736816704
2018-06-27,638.8000000000003,662.8607088327468,-24.060708832746514,24.060708832746514
2018-06-28,946.8600000000002,718.7283284543864,228.1316715456138,228.1316715456138
2018-06-29,833.5199999999999,673.5201212929252,159.99987870707469,159.99987870707469
2018-06-30,1020.6500000000001,651.5683545598388,369.0816454401613,369.0816454401613
2018-07-01,1008.0100000000002,620.1710715696804,387.8389284303198,387.8389284303198
2018-07-02,105.78,454.6090351086906,-348.8290351086906,348.8290351086906
2018-07-03,608.2799999999999,377.93825171440056,230.3417482855993,230.3417482855993
2018-07-04,919.8500000000001,703.6232735147607,216.2267264852394,216.2267264852394
2018-07-05,1111.3599999999994,770.5267511950132,340.8332488049863,340.8332488049863
2018-07-06,1040.77,683.737134837769,357.032865162231,357.032865162231
2018-07-07,1093.7699999999998,720.4988450826196,373.27115491738016,373.27115491738016
2018-07-08,851.5099999999999,663.410616837537,188.0993831624629,188.0993831624629
2018-07-09,525.8700000000002,345.7175944227467,180.15240557725355,180.15240557725355
2018-07-10,103.69600000000004,485.42412992218163,-381.7281299221816,381.7281299221816
2018-07-11,428.1799999999999,605.5061816324204,-177.32618163242051,177.32618163242051
2018-07-12,853.4900000000001,753.6723300566233,99.81766994337681,99.81766994337681
2018-07-13,627.6100000000001,702.2826322300058,-74.67263223000566,74.67263223000566
2018-07-14,576.0000000000001,707.6954741864935,-131.69547418649336,131.69547418649336
2018-07-15,540.3199999999998,627.1651266675854,-86.84512666758553,86.84512666758553
2018-07-16,852.3999999999996,391.4918966046309,460.90810339536876,460.90810339536876
2018-07-17,268.30999999999995,393.7205813592934,-125.41058135929347,125.41058135929347
2018-07-18,836.0600000000002,617.2653575490826,218.79464245091754,218.79464245091754
2018-07-19,816.9100000000001,792.9222153258022,23.987784674197883,23.987784674197883
2018-07-20,803.2899999999997,663.8819472863769,139.40805271362285,139.40805271362285
2018-07-21,489.72000000000025,684.002791862,-194.28279186199973,194.28279186199973
2018-07-22,514.94,591.6125215720109,-76.67252157201085,76.67252157201085
2018-07-23,384.23999999999995,425.52087615048873,-41.28087615048878,41.28087615048878
2018-07-24,399.3899999999998,382.58482341812766,16.80517658187216,16.80517658187216
2018-07-25,771.7800000000001,693.7665530206918,78.01344697930824,78.01344697930824
2018-07-26,635.1100000000002,779.5054088893907,-144.3954088893904,144.3954088893904
2018-07-27,432.69,672.0484403486141,-239.35844034861412,239.35844034861412
2018-07-28,693.7400000000001,622.2222487236771,71.517751276323,71.517751276323
2018-07-29,568.9600000000003,609.977242406238,-41.017242406237756,41.017242406237756
2018-07-30,554.1399999999999,399.3064145774694,154.83358542253046,154.83358542253046
2018-07-31,592.95,410.0075263152659,182.94247368473413,182.94247368473413
2018-08-01,531.5300000000002,715.233459562677,-183.7034595626768,183.7034595626768
2018-08-02,532.9600000000002,724.3532471978311,-191.393247197831,191.393247197831
2018-08-03,661.4,612.9211495123991,48.47885048760088,48.47885048760088
2018-08-04,651.4900000000002,676.2148407268536,-24.72484072685336,24.72484072685336
2018-08-05,577.9600000000003,603.1224048717038,-25.16240487170353,25.16240487170353
2018-08-06,666.4400000000002,423.3400721937409,243.09992780625925,243.09992780625925
2018-08-07,535.1699999999998,439.7360608457626,95.43393915423724,95.43393915423724
2018-08-08,397.4699999999999,671.1751426441906,-273.7051426441907,273.7051426441907
2018-08-09,453.00000000000017,682.8012832111524,-229.80128321115222,229.80128321115222
2018-08-10,819.1699999999998,630.682722742238,188.4872772577619,188.4872772577619
2018-08-11,742.0699999999998,682.7298187143252,59.34018128567459,59.34018128567459
2018-08-12,530.3799999999998,608.7426286027055,-78.36262860270574,78.36262860270574
2018-08-13,357.37999999999994,438.34821639252726,-80.96821639252732,80.96821639252732
2018-08-14,103.69600000000004,414.98164990534747,-311.28564990534744,311.28564990534744
2018-08-15,317.0100000000001,541.6276234556237,-224.61762345562363,224.61762345562363
2018-08-16,103.69600000000004,651.9008821990643,-548.2048821990643,548.2048821990643
2018-08-17,903.6600000000001,563.4297203790621,340.23027962093795,340.23027962093795
2018-08-18,624.7800000000002,710.1511633127617,-85.3711633127615,85.3711633127615
2018-08-19,750.7300000000001,586.5565756560513,164.1734243439488,164.1734243439488
2018-08-20,226.30000000000007,427.42115825919825,-201.12115825919818,201.12115825919818
2018-08-21,552.6100000000002,317.3317058830325,235.27829411696774,235.27829411696774
2018-08-22,899.0200000000002,616.1181362288731,282.90186377112707,282.90186377112707
2018-08-23,368.22000000000014,557.5170737815561,-189.29707378155592,189.29707378155592
2018-08-24,558.7000000000003,667.3907010695307,-108.6907010695304,108.6907010695304
2018-08-25,551.4899999999998,652.4969375727186,-101.00693757271881,101.00693757271881
2018-08-26,847.2199999999998,610.3411456434272,236.87885435657256,236.87885435657256
2018-08-27,775.9300000000002,399.6333811796035,376.2966188203967,376.2966188203967
2018-08-28,381.57000000000016,428.76287983815797,-47.19287983815781,47.19287983815781
2018-08-29,749.6999999999999,644.0045230898854,105.69547691011451,105.69547691011451
2018-08-30,572.7000000000002,588.0394586296543,-15.339458629654132,15.339458629654132
2018-08-31,445.32000000000005,658.1459024871964,-212.82590248719634,212.82590248719634
2018-09-01,662.7300000000002,624.8856836042228,37.84431639577747,37.84431639577747
2018-09-02,1232.76,643.2469398251399,589.5130601748601,589.5130601748601
2018-09-03,531.41,477.6628762963342,53.74712370366575,53.74712370366575
2018-09-04,694.7599999999999,388.9596228705169,305.80037712948297,305.80037712948297
2018-09-05,535.4600000000002,683.9327225597156,-148.4727225597154,148.4727225597154
2018-09-06,655.55,579.2731798137814,76.27682018621852,76.27682018621852
2018-09-07,960.1300000000001,639.9476169746326,320.18238302536747,320.18238302536747
2018-09-08,468.6900000000001,687.5108813437777,-218.82088134377756,218.82088134377756
2018-09-09,640.6399999999998,663.8334004824404,-23.193400482440666,23.193400482440666
2018-09-10,146.23,435.7671510816411,-289.5371510816411,289.5371510816411
2018-09-11,258.84,378.0707211468736,-119.23072114687363,119.23072114687363
2018-09-12,568.71,598.567775310464,-29.85777531046392,29.85777531046392
2018-09-13,809.9699999999998,599.8201261271113,210.14987387288852,210.14987387288852
2018-09-14,834.02,712.326627464046,121.69337253595393,121.69337253595393
2018-09-15,342.6999999999999,636.5503312265078,-293.8503312265079,293.8503312265079
2018-09-16,366.7800000000001,612.5361789387056,-245.7561789387055,245.7561789387055
2018-09-17,564.6200000000001,349.0132333174763,215.6067666825238,215.6067666825238
2018-09-18,261.84000000000003,394.88009261536837,-133.04009261536834,133.04009261536834
2018-09-19,716.6499999999999,596.5532895497399,120.09671045025993,120.09671045025993
2018-09-20,676.6099999999998,637.12118022224,39.48881977775977,39.48881977775977
2018-09-21,866.3400000000003,694.4689318478808,171.8710681521195,171.8710681521195
2018-09-22,741.8199999999999,599.9364183537143,141.88358164628562,141.88358164628562
2018-09-23,1242.4199999999996,614.3753619042236,628.044638095776,628.044638095776
2018-09-24,410.6200000000001,453.5634026172353,-42.943402617235165,42.943402617235165
2018-09-25,621.8399999999998,365.345769507662,256.4942304923378,256.4942304923378
2018-09-26,654.82,673.613670049949,-18.7936700499489,18.7936700499489
2018-09-27,648.7700000000001,618.1900991380139,30.579900861986175,30.579900861986175
2018-09-28,685.5600000000002,708.0586658464696,-22.498665846469407,22.498665846469407
2018-09-29,727.1799999999998,631.678310254199,95.50168974580083,95.50168974580083
2018-09-30,686.1500000000003,707.151950307603,-21.00195030760267,21.00195030760267
2018-10-01,499.57999999999976,407.21853627638694,92.36146372361281,92.36146372361281
2018-10-02,420.16000000000014,417.4165707181866,2.743429281813519,2.743429281813519
2018-10-03,975.1200000000003,635.1698253081987,339.95017469180164,339.95017469180164
2018-10-04,599.58,647.9056076303483,-48.32560763034826,48.32560763034826
2018-10-05,928.8199999999998,685.3836442531588,243.43635574684106,243.43635574684106
2018-10-06,773.66,655.9140261579779,117.74597384202207,117.74597384202207
2018-10-07,1024.2999999999997,672.2164922272294,352.0835077727703,352.0835077727703
2018-10-08,448.16999999999985,439.8702562354859,8.299743764513948,8.299743764513948
2018-10-09,429.6499999999998,396.6662395685437,32.98376043145612,32.98376043145612
2018-10-10,652.6900000000002,680.7418958720779,-28.051895872077694,28.051895872077694
2018-10-11,633.8199999999999,612.9833846203728,20.83661537962712,20.83661537962712
2018-10-12,642.2999999999998,725.5387100283589,-83.23871002835904,83.23871002835904
2018-10-13,784.4700000000003,640.8756108441553,143.59438915584496,143.59438915584496
2018-10-14,614.2099999999998,720.7886665032136,-106.57866650321375,106.57866650321375
2018-10-15,321.7400000000001,412.94346966261816,-91.20346966261803,91.20346966261803
2018-10-16,140.05000000000004,390.16578984343937,-250.11578984343933,250.11578984343933
2018-10-17,327.4400000000001,588.7386096512896,-261.2986096512895,261.2986096512895
2018-10-18,962.4599999999996,584.4499897722995,378.01001022770004,378.01001022770004
2018-10-19,1032.2399999999996,731.5294448426354,300.7105551573642,300.7105551573642
2018-10-20,770.96,681.2825292070627,89.67747079293736,89.67747079293736
2018-10-21,778.31,679.3571671744477,98.95283282555226,98.95283282555226
2018-10-22,570.4200000000002,407.20845931278797,163.21154068721222,163.21154068721222
2018-10-23,288.23999999999995,352.1694219143909,-63.92942191439096,63.92942191439096
2018-10-24,563.1200000000002,578.4440513294347,-15.324051329434496,15.324051329434496
2018-10-25,1262.606,658.4476511347756,604.1583488652244,604.1583488652244
2018-10-26,755.7299999999998,794.0300190664418,-38.30001906644202,38.30001906644202
2018-10-27,807.6300000000003,661.6671643408731,145.96283565912722,145.96283565912722
2018-10-28,882.7899999999997,706.6007579790237,176.18924202097605,176.18924202097605
2018-10-29,428.74999999999983,440.8173131699825,-12.067313169982697,12.067313169982697
2018-10-30,146.26,356.43714670638377,-210.17714670638378,210.17714670638378
2018-10-31,981.2600000000003,562.6513681044959,418.60863189550446,418.60863189550446
2018-11-01,542.2700000000002,745.1911315922341,-202.9211315922339,202.9211315922339
2018-11-02,502.68,702.7423287021953,-200.06232870219532,200.06232870219532
2018-11-03,976.9799999999997,654.5829106830543,322.3970893169454,322.3970893169454
2018-11-04,989.1600000000001,739.6543896911547,249.50561030884535,249.50561030884535
2018-11-05,233.96,432.75430994019155,-198.79430994019154,198.79430994019154
2018-11-06,310.2700000000001,297.89884752119923,12.371152478800866,12.371152478800866
2018-11-07,1262.606,663.9155770541921,598.6904229458079,598.6904229458079
2018-11-08,579.5699999999999,690.9582795623558,-111.38827956235582,111.38827956235582
2018-11-09,600.16,674.281955766129,-74.12195576612908,74.12195576612908
2018-11-10,715.7099999999998,696.9453575995472,18.764642400452658,18.764642400452658
2018-11-11,469.40999999999985,735.7587911126977,-266.3487911126979,266.3487911126979
2018-11-12,440.2800000000001,368.5757704875169,71.70422951248321,71.70422951248321
2018-11-13,889.6299999999998,342.1802422244158,547.449757775584,547.449757775584
2018-11-14,815.05,775.0370875758044,40.01291242419552,40.01291242419552
2018-11-15,810.7499999999999,652.3483814665902,158.40161853340965,158.40161853340965
2018-11-16,622.4000000000001,705.3252718640593,-82.92527186405925,82.92527186405925
2018-11-17,714.4400000000003,680.202704721165,34.23729527883529,34.23729527883529
2018-11-18,462.54000000000025,674.345668755096,-211.80566875509572,211.80566875509572
2018-11-19,509.03999999999985,394.47390198449204,114.5660980155078,114.5660980155078
2018-11-20,441.66999999999996,399.06091033290556,42.609089667094395,42.609089667094395
2018-11-21,426.84999999999997,695.0492644028225,-268.1992644028225,268.1992644028225
2018-11-22,561.1599999999999,643.9301796981056,-82.77017969810572,82.77017969810572
2018-11-23,841.7000000000003,676.6613464094899,165.03865359051042,165.03865359051042
2018-11-24,479.7600000000001,707.0340862073749,-227.2740862073748,227.2740862073748
2018-11-25,428.7099999999998,630.2057572115145,-201.49575721151473,201.49575721151473
2018-11-26,422.44000000000017,403.32610488055417,19.113895119446,19.113895119446
2018-11-27,992.4399999999998,372.0797677360913,620.3602322639085,620.3602322639085
2018-11-28,903.55,699.8628218798713,203.6871781201287,203.6871781201287
2018-11-29,801.43,664.2509987331651,137.1790012668348,137.1790012668348
2018-11-30,835.1599999999996,725.7683932681715,109.39160673182812,109.39160673182812
2018-12-01,861.0499999999997,662.7655713996172,198.2844286003825,198.2844286003825
2018-12-02,874.1499999999999,648.1031416889399,226.04685831105996,226.04685831105996
2018-12-03,609.2200000000001,425.9157708005928,183.30422919940736,183.30422919940736
2018-12-04,515.5999999999999,440.4685591452024,75.13144085479752,75.13144085479752
2018-12-05,444.55000000000007,702.2830832290609,-257.73308322906087,257.73308322906087
2018-12-06,668.7300000000004,646.8103641961245,21.91963580387585,21.91963580387585
2018-12-07,737.1999999999998,721.3284809789209,15.871519021078939,15.871519021078939
2018-12-08,691.2700000000003,699.9555211543437,-8.685521154343405,8.685521154343405
2018-12-09,476.5500000000002,681.6422804926963,-205.0922804926961,205.0922804926961
2018-12-10,337.5900000000001,422.235798422165,-84.64579842216489,84.64579842216489
2018-12-11,332.77000000000004,399.21853974432486,-66.44853974432482,66.44853974432482
2018-12-12,732.23,620.2981118009791,111.93188819902093,111.93188819902093
2018-12-13,373.5500000000001,676.9400840377745,-303.39008403777433,303.39008403777433
2018-12-14,998.4600000000003,672.4510505563437,326.00894944365655,326.00894944365655
2018-12-15,738.6299999999997,711.6211447069218,27.008855293077886,27.008855293077886
2018-12-16,825.5900000000003,634.8820055626265,190.7079944373737,190.7079944373737
2018-12-17,278.8500000000001,420.7704185661654,-141.92041856616532,141.92041856616532
2018-12-18,382.37000000000006,375.01490804696266,7.355091953037402,7.355091953037402
2018-12-19,612.23,667.1767332592487,-54.94673325924873,54.94673325924873
2018-12-20,853.79,606.3930559640685,247.39694403593148,247.39694403593148
2018-12-21,720.1200000000002,774.7979604936974,-54.67796049369713,54.67796049369713
2018-12-22,643.5199999999999,687.3106375047715,-43.79063750477167,43.79063750477167
2018-12-23,823.3300000000004,670.3026167068704,153.02738329313001,153.02738329313001
2018-12-24,395.36999999999995,402.39423114103255,-7.024231141032601,7.024231141032601
2018-12-25,739.7700000000002,394.42496443527494,345.34503556472526,345.34503556472526
2018-12-26,806.8700000000003,693.0919513335301,113.77804866647023,113.77804866647023
2018-12-27,588.2600000000001,679.36591993233,-91.10591993232993,91.10591993232993
2018-12-28,624.4200000000002,716.7431205107301,-92.32312051072995,92.32312051072995
2018-12-29,529.63,671.8751772555424,-142.24517725554244,142.24517725554244
2018-12-30,790.4699999999997,666.0985262120738,124.37147378792588,124.37147378792588
2018-12-31,288.1000000000001,412.13812557203386,-124.03812557203378,124.03812557203378
2019-01-01,289.5400000000001,419.08831097899383,-129.54831097899375,129.54831097899375
2019-01-02,197.67999999999995,651.3981053623114,-453.71810536231146,453.71810536231146
2019-01-03,605.5,569.3298696709998,36.170130329000244,36.170130329000244
2019-01-04,718.3100000000001,717.2037176325684,1.1062823674316178,1.1062823674316178
2019-01-05,684.84,659.681939242841,25.158060757158978,25.158060757158978
2019-01-06,598.6999999999998,690.1461536621341,-91.4461536621343,91.4461536621343
2019-01-07,1128.1699999999998,379.65761268878293,748.5123873112169,748.5123873112169
2019-01-08,429.92999999999984,436.5422926460617,-6.61229264606186,6.61229264606186
2019-01-09,342.99999999999994,554.0714599902418,-211.07145999024186,211.07145999024186
2019-01-10,638.9999999999999,611.5917852599325,27.408214740067365,27.408214740067365
2019-01-11,556.9000000000001,724.3908170917044,-167.49081709170434,167.49081709170434
2019-01-12,559.4800000000001,657.5015079215186,-98.02150792151849,98.02150792151849
2019-01-13,1054.6200000000001,656.0022901813841,398.61770981861605,398.61770981861605
2019-01-14,597.8700000000001,485.15412630941034,112.71587369058977,112.71587369058977
2019-01-15,532.6999999999999,416.9978884538389,115.702111546161,115.702111546161
2019-01-16,446.45000000000016,576.9282112174304,-130.47821121743027,130.47821121743027
2019-01-17,277.74000000000007,627.5007400089255,-349.76074000892544,349.76074000892544
2019-01-18,859.8700000000003,639.4494928700375,220.42050712996286,220.42050712996286
2019-01-19,1163.93,674.4163770946044,489.51362290539566,489.51362290539566
2019-01-20,767.5700000000002,760.9623367059082,6.607663294091935,6.607663294091935
2019-01-21,538.4299999999998,446.2088287891062,92.22117121089366,92.22117121089366
2019-01-22,132.26999999999998,430.0560792050289,-297.7860792050289,297.7860792050289
2019-01-23,542.3899999999999,500.116535027916,42.2734649720839,42.2734649720839
2019-01-24,655.0200000000002,573.1232704641175,81.89672953588274,81.89672953588274
2019-01-25,853.9200000000001,738.9761374154614,114.94386258453869,114.94386258453869
2019-01-26,1040.63,733.0169529974953,307.6130470025048,307.6130470025048
2019-01-27,1057.15,729.5022624293638,327.6477375706363,327.6477375706363
2019-01-28,1067.9300000000005,467.39491964827795,600.5350803517226,600.5350803517226
2019-01-29,681.27,378.97411011187074,302.29588988812924,302.29588988812924
2019-01-30,496.26999999999975,602.9475896635303,-106.67758966353051,106.67758966353051
2019-01-31,859.6000000000003,603.7872248549141,255.8127751450861,255.8127751450861
2019-02-01,727.8100000000001,761.7577012615606,-33.947701261560496,33.947701261560496
2019-02-02,633.3499999999998,729.2959658326902,-95.94596583269038,95.94596583269038
2019-02-03,934.7200000000003,734.382689025211,200.33731097478926,200.33731097478926
2019-02-04,935.6200000000001,517.6103972138192,418.00960278618095,418.00960278618095
2019-02-05,577.9299999999997,443.36017827948285,134.56982172051687,134.56982172051687
2019-02-06,566.5100000000002,573.7155755091638,-7.205575509163623,7.205575509163623
2019-02-07,909.1499999999997,639.7774993864159,269.37250061358384,269.37250061358384
2019-02-08,625.0300000000002,752.1454174957522,-127.11541749575201,127.11541749575201
2019-02-09,761.29,686.1262858853643,75.1637141146357,75.1637141146357
2019-02-10,550.9400000000003,756.6475021551797,-205.70750215517944,205.70750215517944
2019-02-11,1013.9700000000001,505.00143919536197,508.9685608046382,508.9685608046382
2019-02-12,417.59000000000015,448.6872413631144,-31.09724136311428,31.09724136311428
2019-02-13,343.5700000000001,561.170244098314,-217.6002440983139,217.6002440983139
2019-02-14,629.7099999999998,627.6584864841642,2.051513515835609,2.051513515835609
2019-02-15,854.65,710.9161862044772,143.7338137955228,143.7338137955228
2019-02-16,598.46,728.3766096812675,-129.91660968126746,129.91660968126746
2019-02-17,700.35,690.5140291377404,9.835970862259614,9.835970862259614
2019-02-18,424.7799999999998,551.9477449380904,-127.1677449380906,127.1677449380906
2019-02-19,376.3399999999999,398.3915745649833,-22.051574564983355,22.051574564983355
2019-02-20,568.3799999999998,521.5018290101145,46.878170989885234,46.878170989885234
2019-02-21,755.74,644.4244631877787,111.31553681222135,111.31553681222135
2019-02-22,1182.9299999999998,749.9308958284247,432.99910417157514,432.99910417157514
2019-02-23,124.09000000000003,724.5720086153492,-600.4820086153492,600.4820086153492
2019-02-24,917.1500000000002,602.8072401791197,314.3427598208805,314.3427598208805
2019-02-25,1125.0600000000002,527.8884679779651,597.1715320220351,597.1715320220351
2019-02-26,714.4400000000003,435.81830563956635,278.62169436043393,278.62169436043393
2019-02-27,1012.5299999999997,577.3873159680413,435.1426840319584,435.1426840319584
2019-02-28,698.6500000000002,695.0772173125686,3.5727826874316406,3.5727826874316406
2019-03-01,634.2699999999998,781.8321569374538,-147.562156937454,147.562156937454
2019-03-02,349.83,532.1670674540808,-182.3370674540808,182.3370674540808
2019-03-03,1233.9499999999998,714.9775793429504,518.9724206570494,518.9724206570494
2019-03-04,810.8,612.9447580730128,197.8552419269871,197.8552419269871
2019-03-05,422.82999999999987,454.84126401273005,-32.01126401273018,32.01126401273018
2019-03-06,395.96999999999997,594.0127496938587,-198.04274969385875,198.04274969385875
2019-03-07,642.6100000000002,629.3312850063836,13.278714993616632,13.278714993616632
2019-03-08,507.20999999999975,734.551989392073,-227.34198939207323,227.34198939207323
2019-03-09,747.9000000000002,552.9980117742956,194.9019882257046,194.9019882257046
2019-03-10,548.1799999999998,814.0873627718198,-265.90736277182,265.90736277182
2019-03-11,894.1699999999998,554.4246030332149,339.74539696678494,339.74539696678494
2019-03-12,798.6999999999998,442.88900157702074,355.8109984229791,355.8109984229791
2019-03-13,607.2900000000001,572.0443718467751,35.24562815322497,35.24562815322497
2019-03-14,1262.606,654.55454393225,608.05145606775,608.05145606775
2019-03-15,377.4100000000001,752.0483151098333,-374.63831510983323,374.63831510983323
2019-03-16,329.01000000000005,574.5093882351827,-245.4993882351826,245.4993882351826
2019-03-17,292.0900000000001,683.1821198721581,-391.092119872158,391.092119872158
2019-03-18,239.0600000000001,552.4037520611104,-313.3437520611103,313.3437520611103
2019-03-19,372.53,428.2048423543847,-55.67484235438474,55.67484235438474
2019-03-20,495.1400000000002,557.1246384766174,-61.98463847661719,61.98463847661719
2019-03-21,417.8699999999999,710.4864024903526,-292.6164024903527,292.6164024903527
2019-03-22,387.6200000000001,624.6590983436342,-237.03909834363412,237.03909834363412
2019-03-23,351.27000000000015,524.961488711511,-173.69148871151089,173.69148871151089
2019-03-24,467.07000000000016,622.3738357057298,-155.30383570572963,155.30383570572963
2019-03-25,579.3400000000003,494.2701460451742,85.06985395482604,85.06985395482604
2019-03-26,416.33,437.7199810985516,-21.38998109855163,21.38998109855163
2019-03-27,677.7799999999999,546.6612591667131,131.11874083328678,131.11874083328678
2019-03-28,445.26999999999987,647.029665688478,-201.7596656884781,201.7596656884781
2019-03-29,477.49,612.6432705752653,-135.1532705752653,135.1532705752653
2019-03-30,303.7,524.8822649274722,-221.1822649274722,221.1822649274722
2019-03-31,568.5499999999998,622.4429528029855,-53.89295280298563,53.89295280298563
2019-04-01,584.0299999999999,548.0802322450245,35.94976775497537,35.94976775497537
2019-04-02,347.24999999999994,438.15429805526065,-90.90429805526071,90.90429805526071
2019-04-03,356.1499999999999,558.8986541962398,-202.7486541962399,202.7486541962399
2019-04-04,908.44,596.7329013855118,311.70709861448825,311.70709861448825
2019-04-05,633.2400000000002,659.6090576529599,-26.36905765295967,26.36905765295967
2019-04-06,570.6499999999997,508.03918224367317,62.61081775632658,62.61081775632658
2019-04-07,779.6300000000002,665.9422868591164,113.68771314088383,113.68771314088383
2019-04-08,767.07,561.2911585044822,205.7788414955179,205.7788414955179
2019-04-09,395.07,435.4325278301049,-40.36252783010491,40.36252783010491
2019-04-10,172.40999999999994,520.3588341074214,-347.9488341074215,347.9488341074215
2019-04-11,592.1799999999998,605.7821270672372,-13.602127067237348,13.602127067237348
2019-04-12,655.0499999999998,643.8875768874433,11.162423112556553,11.162423112556553
2019-04-13,848.7500000000003,540.743668639289,308.00633136071133,308.00633136071133
2019-04-14,839.1300000000002,713.2982792412497,125.83172075875052,125.83172075875052
2019-04-15,1166.43,587.3493610272853,579.0806389727147,579.0806389727147
2019-04-16,476.91000000000014,454.7731313500308,22.136868649969358,22.136868649969358
2019-04-17,346.2599999999999,462.655303101443,-116.39530310144312,116.39530310144312
2019-04-18,1094.6500000000003,627.5684667123426,467.08153328765775,467.08153328765775
2019-04-19,627.4900000000002,683.7233188361929,-56.233318836192666,56.233318836192666
2019-04-20,707.2299999999999,567.9231655148016,139.30683448519835,139.30683448519835
2019-04-21,547.97,710.3146221186291,-162.3446221186291,162.3446221186291
2019-04-22,926.4200000000002,610.7902716478037,315.6297283521965,315.6297283521965
2019-04-23,539.7099999999999,452.4645874409989,87.24541255900101,87.24541255900101
2019-04-24,112.12000000000003,485.57879392903703,-373.45879392903703,373.45879392903703
2019-04-25,669.8900000000002,609.2530884376281,60.63691156237212,60.63691156237212
2019-04-26,728.4200000000002,649.2740824532143,79.14591754678588,79.14591754678588
2019-04-27,786.4899999999997,579.2534196531137,207.23658034688594,207.23658034688594
2019-04-28,604.8100000000001,681.6991794826838,-76.88917948268374,76.88917948268374
2019-04-29,672.5099999999998,624.9210808956389,47.58891910436091,47.58891910436091
2019-04-30,428.65999999999985,447.92869448635054,-19.268694486350682,19.268694486350682
2019-05-01,357.66999999999996,391.0641278333654,-33.39412783336542,33.39412783336542
2019-05-02,652.4100000000002,668.44680106861,-16.036801068609748,16.036801068609748
2019-05-03,1009.3800000000002,654.9155674607593,354.4644325392409,354.4644325392409
2019-05-04,870.3599999999998,617.6262563476924,252.73374365230734,252.73374365230734
2019-05-05,836.9799999999998,686.5382793043706,150.44172069562921,150.44172069562921
2019-05-06,680.7,633.4749047150683,47.22509528493174,47.22509528493174
2019-05-07,492.5799999999998,438.71608127609744,53.86391872390237,53.86391872390237
2019-05-08,454.2099999999998,433.5156724984359,20.69432750156392,20.69432750156392
2019-05-09,760.5599999999996,676.654759628154,83.9052403718456,83.9052403718456
2019-05-10,814.0899999999997,701.8722020819504,112.21779791804931,112.21779791804931
2019-05-11,1022.9599999999999,621.7907844921523,401.16921550784764,401.16921550784764
2019-05-12,484.8200000000002,726.2137532480247,-241.39375324802444,241.39375324802444
2019-05-13,1014.9500000000005,602.0290115913969,412.92098840860365,412.92098840860365
2019-05-14,344.4800000000001,468.61377927499865,-124.13377927499857,124.13377927499857
2019-05-15,559.1799999999998,421.9101799280497,137.26982007195016,137.26982007195016
2019-05-16,478.02000000000015,706.9676472736123,-228.94764727361218,228.94764727361218
2019-05-17,424.74000000000007,662.8873923561788,-238.14739235617873,238.14739235617873
2019-05-18,713.5999999999999,615.4597871650553,98.14021283494458,98.14021283494458
2019-05-19,654.57,654.6019315462319,-0.031931546231817265,0.031931546231817265
2019-05-20,864.0800000000002,669.0159285333813,195.06407146661888,195.06407146661888
2019-05-21,694.4400000000002,435.57104261737254,258.8689573826276,258.8689573826276
2019-05-22,840.0699999999998,471.26957622098246,368.80042377901736,368.80042377901736
2019-05-23,508.60999999999996,684.1930574434763,-175.58305744347632,175.58305744347632
2019-05-24,444.9900000000002,615.8734833941604,-170.88348339416024,170.88348339416024
2019-05-25,613.5000000000002,610.2655046680995,3.234495331900689,3.234495331900689
2019-05-26,833.9900000000002,662.9312372282734,171.05876277172683,171.05876277172683
2019-05-27,893.6199999999997,687.4936888662124,206.12631113378723,206.12631113378723
2019-05-28,500.6200000000001,477.3311404661955,23.28885953380461,23.28885953380461
2019-05-29,417.98999999999984,487.2513869663903,-69.26138696639049,69.26138696639049
2019-05-30,267.70000000000005,629.5736785326576,-361.87367853265755,361.87367853265755
2019-05-31,795.4900000000002,571.6007368547018,223.8892631452984,223.8892631452984
2019-06-01,171.01999999999998,644.2968580170603,-473.27685801706036,473.27685801706036
2019-06-02,169.4900000000001,599.9349579874796,-430.4449579874795,430.4449579874795
2019-06-03,376.0099999999998,606.8903970625055,-230.88039706250566,230.88039706250566
2019-06-04,714.2699999999996,432.9813861713396,281.28861382866006,281.28861382866006
2019-06-05,241.5700000000001,477.4265909703924,-235.8565909703923,235.8565909703923
2019-06-06,413.4200000000001,533.7443067691262,-120.32430676912611,120.32430676912611
2019-06-07,597.77,645.1413800563147,-47.371380056314706,47.371380056314706
2019-06-08,787.08,511.6999711968398,275.38002880316026,275.38002880316026
2019-06-09,524.9,572.0953274539395,-47.19532745393951,47.19532745393951
2019-06-10,570.8599999999999,611.6990509720521,-40.83905097205218,40.83905097205218
2019-06-11,493.7099999999999,479.9689662858002,13.741033714199716,13.741033714199716
2019-06-12,762.9200000000002,419.04540475476824,343.87459524523194,343.87459524523194
2019-06-13,686.22,614.3941605534341,71.82583944656596,71.82583944656596
2019-06-14,687.6800000000002,647.9476693937414,39.732330606258756,39.732330606258756
2019-06-15,819.03,604.4433761463617,214.58662385363823,214.58662385363823
2019-06-16,532.3099999999998,618.7146441365214,-86.4046441365216,86.4046441365216
2019-06-17,941.8800000000002,626.721528484101,315.15847151589924,315.15847151589924
2019-06-18,200.56999999999994,489.290472204679,-288.7204722046791,288.7204722046791
2019-06-19,375.2099999999999,436.824628915884,-61.614628915884055,61.614628915884055
2019-06-20,586.7800000000002,597.8954349640705,-11.115434964070346,11.115434964070346
2019-06-21,781.7599999999996,650.9559189683571,130.80408103164257,130.80408103164257
2019-06-22,666.0900000000003,622.0937029071545,43.99629709284579,43.99629709284579
2019-06-23,736.2200000000003,595.4270177972927,140.79298220270755,140.79298220270755
2019-06-24,788.7200000000001,692.5669109289074,96.15308907109272,96.15308907109272
2019-06-25,299.91999999999996,418.88494487044085,-118.96494487044089,118.96494487044089
2019-06-26,103.69600000000004,427.2664876703615,-323.5704876703615,323.5704876703615
2019-06-27,533.4300000000002,518.2835513541334,15.146448645866826,15.146448645866826
2019-06-28,835.99,668.5653018291092,167.4246981708908,167.4246981708908
2019-06-29,1262.606,619.1379370379024,643.4680629620976,643.4680629620976
2019-06-30,591.2100000000003,661.5687887745488,-70.35878877454854,70.35878877454854
2019-07-01,1033.33,667.0986975134111,366.2313024865888,366.2313024865888
2019-07-02,934.9799999999999,437.11221863548207,497.86778136451784,497.86778136451784
2019-07-03,708.3500000000003,391.2218077478707,317.12819225212957,317.12819225212957
2019-07-04,679.5300000000002,624.3371015088973,55.19289849110294,55.19289849110294
2019-07-05,407.13,686.5197097107,-279.3897097107,279.3897097107
2019-07-06,471.66000000000014,637.0066470443583,-165.34664704435812,165.34664704435812
2019-07-07,773.6699999999997,585.1413498328512,188.5286501671485,188.5286501671485
2019-07-08,637.2599999999998,731.2808150269235,-94.02081502692374,94.02081502692374
2019-07-09,175.86000000000007,475.5408247122272,-299.68082471222715,299.68082471222715
2019-07-10,458.2099999999998,401.1240744637371,57.08592553626272,57.08592553626272
2019-07-11,775.03,613.9131099955746,161.1168900044254,161.1168900044254
2019-07-12,906.7799999999999,635.4845226209015,271.2954773790983,271.2954773790983
2019-07-13,284.78,626.9459370127511,-342.1659370127511,342.1659370127511
2019-07-14,802.23,579.9270538362183,222.3029461637817,222.3029461637817
2019-07-15,941.4,701.5026459035419,239.89735409645812,239.89735409645812
2019-07-16,720.2500000000001,404.2490659066675,316.0009340933326,316.0009340933326
2019-07-17,288.2299999999999,450.17722100541994,-161.94722100542003,161.94722100542003
2019-07-18,1180.26,594.9677127466538,585.2922872533462,585.2922872533462
2019-07-19,676.2,729.0117907848461,-52.81179078484604,52.81179078484604
2019-07-20,706.28,550.4118211071684,155.86817889283157,155.86817889283157
2019-07-21,795.1600000000001,655.7087922101049,139.4512077898952,139.4512077898952
2019-07-22,861.6199999999999,732.2806867269854,129.33931327301445,129.33931327301445
2019-07-23,549.6700000000001,468.4252348227102,81.24476517728988,81.24476517728988
2019-07-24,687.7099999999999,406.6628965455498,281.0471034544501,281.0471034544501
2019-07-25,978.2600000000002,708.677716284482,269.5822837155182,269.5822837155182
2019-07-26,563.75,683.9893295629872,-120.23932956298722,120.23932956298722
2019-07-27,679.5799999999999,594.2745149726228,85.30548502737713,85.30548502737713
2019-07-28,394.8099999999999,658.0862404660952,-263.2762404660953,263.2762404660953
2019-07-29,325.38999999999993,685.3766691309175,-359.9866691309176,359.9866691309176
2019-07-30,392.26000000000005,420.88669284925555,-28.626692849255505,28.626692849255505
2019-07-31,443.34,442.5033235224201,0.8366764775798856,0.8366764775798856
2019-08-01,530.76,679.8998422819311,-149.13984228193112,149.13984228193112
2019-08-02,458.04999999999995,631.1103570105694,-173.06035701056942,173.06035701056942
2019-08-03,386.40000000000015,586.847872011334,-200.4478720113338,200.4478720113338
2019-08-04,572.31,569.7075689809071,2.602431019092819,2.602431019092819
2019-08-05,422.55999999999995,633.1485864928421,-210.58858649284218,210.58858649284218
2019-08-06,519.52,420.9975515866086,98.52244841339137,98.52244841339137
2019-08-07,509.1700000000002,437.88651437269687,71.28348562730332,71.28348562730332
2019-08-08,362.9000000000001,648.006500869883,-285.1065008698829,285.1065008698829
2019-08-09,505.32000000000016,586.5770438837835,-81.25704388378335,81.25704388378335
2019-08-10,291.7400000000001,553.9811720543606,-262.2411720543605,262.2411720543605
2019-08-11,374.8899999999998,573.657675430256,-198.76767543025613,198.76767543025613
2019-08-12,1262.606,603.8790405903844,658.7269594096156,658.7269594096156
2019-08-13,522.5,488.95158144273216,33.54841855726784,33.54841855726784
2019-08-14,466.8600000000001,442.9545572137013,23.905442786298806,23.905442786298806
2019-08-15,1146.8099999999997,600.399104409131,546.4108955908687,546.4108955908687
2019-08-16,627.8500000000001,658.7662109628716,-30.916210962871446,30.916210962871446
2019-08-17,831.0299999999997,523.9265695821583,307.1034304178414,307.1034304178414
2019-08-18,758.6699999999996,597.1886094010856,161.481390598914,161.481390598914
2019-08-19,736.4600000000002,735.9580035118818,0.5019964881183796,0.5019964881183796
2019-08-20,582.15,458.27808837793947,123.87191162206051,123.87191162206051
2019-08-21,820.75,449.2476188802769,371.5023811197231,371.5023811197231
2019-08-22,1262.606,726.9376697053889,535.6683302946111,535.6683302946111
2019-08-23,722.1500000000001,663.6729351378606,58.477064862139514,58.477064862139514
2019-08-24,945.3899999999999,594.7676924803355,350.62230751966433,350.62230751966433
2019-08-25,672.4300000000003,644.8291634820539,27.60083651794639,27.60083651794639
2019-08-26,581.46,689.8621491291955,-108.40214912919544,108.40214912919544
2019-08-27,307.1899999999999,462.22735482472865,-155.03735482472877,155.03735482472877
2019-08-28,331.74,460.2282083846207,-128.4882083846207,128.4882083846207
2019-08-29,801.3399999999999,693.1042235692703,108.23577643072963,108.23577643072963
2019-08-30,504.5799999999998,649.7681709788558,-145.18817097885596,145.18817097885596
2019-08-31,713.87,597.3966623018677,116.47333769813235,116.47333769813235
2019-09-01,400.72999999999996,622.4039917665236,-221.67399176652367,221.67399176652367
2019-09-02,338.56999999999994,640.2154272181122,-301.6454272181122,301.6454272181122
2019-09-03,424.5699999999999,407.32323654048724,17.246763459512636,17.246763459512636
2019-09-04,666.1800000000001,436.29652146676614,229.88347853323393,229.88347853323393
2019-09-05,371.6999999999999,727.8149165779427,-356.1149165779428,356.1149165779428
2019-09-06,412.4799999999999,572.3695221817082,-159.88952218170834,159.88952218170834
2019-09-07,401.1300000000001,586.8804625628021,-185.750462562802,185.750462562802
2019-09-08,412.3099999999999,549.4333492867969,-137.123349286797,137.123349286797
2019-09-09,480.80000000000007,594.5090034422151,-113.70900344221502,113.70900344221502
2019-09-10,764.9899999999997,436.39407538999615,328.5959246100035,328.5959246100035
2019-09-11,175.82999999999998,502.45475487113555,-326.62475487113556,326.62475487113556
2019-09-12,530.06,567.7445912228812,-37.684591222881295,37.684591222881295
2019-09-13,487.0199999999999,582.9918599819225,-95.97185998192259,95.97185998192259
2019-09-14,207.07,554.2364344930112,-347.1664344930112,347.1664344930112
2019-09-15,459.1400000000001,507.6788052773292,-48.53880527732912,48.53880527732912
2019-09-16,393.1000000000001,612.8753339305282,-219.77533393052812,219.77533393052812
2019-09-17,610.1400000000001,462.716148021123,147.4238519788771,147.4238519788771
2019-09-18,202.8799999999999,409.0743839075828,-206.19438390758287,206.19438390758287
2019-09-19,744.7100000000002,598.6458619857568,146.06413801424333,146.06413801424333
2019-09-20,737.23,599.8692433250551,137.36075667494492,137.36075667494492
2019-09-21,622.4000000000001,511.0465640216821,111.35343597831798,111.35343597831798
2019-09-22,626.3399999999999,567.4164013863332,58.92359861366674,58.92359861366674
2019-09-23,830.8,594.387465988044,236.41253401195593,236.41253401195593
2019-09-24,817.62,498.5794818273605,319.0405181726395,319.0405181726395
2019-09-25,748.29,405.5587603006913,342.7312396993087,342.7312396993087
2019-09-26,664.6900000000002,706.2694001468367,-41.57940014683652,41.57940014683652
2019-09-27,824.6200000000003,611.3550386071253,213.26496139287508,213.26496139287508
2019-09-28,926.2499999999997,571.37014038079,354.8798596192097,354.8798596192097
2019-09-29,742.2500000000003,602.5538561211328,139.6961438788676,139.6961438788676
2019-09-30,639.3999999999999,652.8618879751049,-13.461887975105014,13.461887975105014
2019-10-01,371.64000000000004,512.023708093245,-140.38370809324493,140.38370809324493
2019-10-02,141.45000000000005,432.26619562906967,-290.8161956290696,290.8161956290696
2019-10-03,947.9199999999996,588.1902478315419,359.7297521684577,359.7297521684577
2019-10-04,819.93,663.1796050735363,156.75039492646363,156.75039492646363
2019-10-05,678.64,602.007581977891,76.63241802210894,76.63241802210894
2019-10-06,630.3700000000001,598.6452659211807,31.724734078819438,31.724734078819438
2019-10-07,505.9400000000001,627.3960404595001,-121.4560404595,121.4560404595
2019-10-08,453.35,461.3660209841595,-8.016020984159468,8.016020984159468
2019-10-09,652.8799999999998,358.83628144459414,294.04371855540563,294.04371855540563
2019-10-10,404.2299999999999,736.9382889156861,-332.70828891568624,332.70828891568624
2019-10-11,937.6399999999999,606.2865227771557,331.35347722284416,331.35347722284416
2019-10-12,1053.4900000000005,606.5212801228839,446.96871987711654,446.96871987711654
2019-10-13,749.3399999999998,619.8077421421016,129.53225785789823,129.53225785789823
2019-10-14,757.3000000000003,616.6018854489478,140.69811455105253,140.69811455105253
2019-10-15,581.8499999999999,489.3276860728213,92.52231392717863,92.52231392717863
2019-10-16,206.69000000000008,432.99674201548703,-226.30674201548695,226.30674201548695
2019-10-17,672.2599999999998,580.0327566494552,92.22724335054454,92.22724335054454
2019-10-18,852.4300000000001,678.4211350879117,174.00886491208837,174.00886491208837
2019-10-19,973.4200000000003,642.6065502740421,330.8134497259582,330.8134497259582
2019-10-20,646.8999999999999,631.2039290617762,15.69607093822367,15.69607093822367
2019-10-21,700.4900000000002,636.3006418754719,64.18935812452833,64.18935812452833
2019-10-22,243.67,499.4874973050973,-255.8174973050973,255.8174973050973
2019-10-23,218.89999999999998,341.34948822736067,-122.44948822736069,122.44948822736069
2019-10-24,961.8899999999995,627.1910329017422,334.6989670982573,334.6989670982573
2019-10-25,639.4599999999998,704.5561322296853,-65.09613222968551,65.09613222968551
2019-10-26,1262.606,636.7573358520362,625.8486641479637,625.8486641479637
2019-10-27,843.8399999999999,643.7136870946927,200.12631290530726,200.12631290530726
2019-10-28,547.5300000000001,651.4597532617435,-103.92975326174337,103.92975326174337
2019-10-29,249.88999999999993,431.8424905840409,-181.95249058404096,181.95249058404096
2019-10-30,640.3100000000002,338.3004912208606,302.0095087791396,302.0095087791396
2019-10-31,848.0099999999998,735.870632128077,112.13936787192279,112.13936787192279
