client_id,date_day,daily_spend,tx_count,unique_mcc,unique_merchants,online_ratio,chip_ratio,day_of_week,is_weekend,month,day_of_month
86,2015-07-01,164.68000000000004,3,3,3,0.6666666666666666,0.3333333333333333,2,0,7,1
86,2015-07-03,120.27000000000001,3,3,3,0.3333333333333333,0.6666666666666666,4,0,7,3
86,2015-07-04,50.160000000000004,3,3,3,0.3333333333333333,0.6666666666666666,5,1,7,4
86,2015-07-05,23.75,2,2,2,0.5,0.5,6,1,7,5
86,2015-07-06,33.6,1,1,1,1.0,0.0,0,0,7,6
86,2015-07-07,4.82,1,1,1,0.0,1.0,1,0,7,7
86,2015-07-08,116.81,3,3,3,0.6666666666666666,0.3333333333333333,2,0,7,8
86,2015-07-09,213.75,3,3,3,0.6666666666666666,0.3333333333333333,3,0,7,9
86,2015-07-10,66.97,3,3,3,0.3333333333333333,0.6666666666666666,4,0,7,10
86,2015-07-11,127.96000000000001,3,3,3,0.3333333333333333,0.6666666666666666,5,1,7,11
86,2015-07-12,326.07,5,3,3,0.6,0.4,6,1,7,12
86,2015-07-13,116.39,2,2,2,0.5,0.5,0,0,7,13
86,2015-07-14,79.38,6,4,4,0.16666666666666666,0.8333333333333334,1,0,7,14
86,2015-07-15,62.79,2,2,2,0.0,1.0,2,0,7,15
86,2015-07-16,75.05,2,2,2,0.5,0.5,3,0,7,16
86,2015-07-17,36.849999999999994,2,2,2,0.5,0.5,4,0,7,17
86,2015-07-18,29.09,1,1,1,1.0,0.0,5,1,7,18
86,2015-07-19,17.74,1,1,1,1.0,0.0,6,1,7,19
86,2015-07-20,49.84,2,2,2,0.5,0.5,0,0,7,20
86,2015-07-21,76.09,3,2,2,0.6666666666666666,0.3333333333333333,1,0,7,21
86,2015-07-22,46.69,2,2,2,0.5,0.5,2,0,7,22
86,2015-07-23,114.3,1,1,1,1.0,0.0,3,0,7,23
86,2015-07-24,378.27000000000004,5,4,5,0.4,0.6,4,0,7,24
86,2015-07-25,32.96,1,1,1,1.0,0.0,5,1,7,25
86,2015-07-26,209.44,4,3,3,0.75,0.25,6,1,7,26
86,2015-07-27,36.14,1,1,1,1.0,0.0,0,0,7,27
86,2015-07-28,41.84,2,2,2,0.5,0.5,1,0,7,28
86,2015-07-29,4.01,2,2,2,0.0,1.0,2,0,7,29
86,2015-07-30,73.3,2,2,2,0.5,0.5,3,0,7,30
86,2015-07-31,38.62,1,1,1,1.0,0.0,4,0,7,31
86,2015-08-01,132.97,2,2,2,0.5,0.5,5,1,8,1
86,2015-08-02,20.56,2,2,2,0.5,0.5,6,1,8,2
86,2015-08-03,31.01,1,1,1,1.0,0.0,0,0,8,3
86,2015-08-04,44.42,5,3,3,0.2,0.8,1,0,8,4
86,2015-08-05,63.11,2,1,1,1.0,0.0,2,0,8,5
86,2015-08-06,0.68,3,1,1,0.0,1.0,3,0,8,6
86,2015-08-07,50.5,2,2,2,0.5,0.5,4,0,8,7
86,2015-08-08,39.62,2,2,2,0.5,0.5,5,1,8,8
86,2015-08-09,89.47,3,3,3,0.3333333333333333,0.6666666666666666,6,1,8,9
86,2015-08-10,91.32,3,2,2,0.6666666666666666,0.3333333333333333,0,0,8,10
86,2015-08-11,32.82,4,2,2,0.25,0.75,1,0,8,11
86,2015-08-12,42.33,1,1,1,1.0,0.0,2,0,8,12
86,2015-08-13,51.760000000000005,3,3,3,0.3333333333333333,0.6666666666666666,3,0,8,13
86,2015-08-14,157.57,3,3,3,0.0,1.0,4,0,8,14
86,2015-08-15,179.6,3,2,2,0.6666666666666666,0.3333333333333333,5,1,8,15
86,2015-08-17,56.42,2,2,2,0.5,0.5,0,0,8,17
86,2015-08-18,84.96000000000001,6,4,4,0.16666666666666666,0.8333333333333334,1,0,8,18
86,2015-08-19,281.95,4,3,3,0.25,0.75,2,0,8,19
86,2015-08-20,158.74,5,5,5,0.4,0.6,3,0,8,20
86,2015-08-22,39.86,2,2,2,0.5,0.5,5,1,8,22
86,2015-08-23,164.95,3,3,3,0.3333333333333333,0.6666666666666666,6,1,8,23
86,2015-08-24,21.79,1,1,1,1.0,0.0,0,0,8,24
86,2015-08-25,27.98,1,1,1,1.0,0.0,1,0,8,25
86,2015-08-26,47.699999999999996,2,2,2,0.5,0.5,2,0,8,26
86,2015-08-27,73.69,7,5,5,0.0,1.0,3,0,8,27
86,2015-08-28,31.83,1,1,1,0.0,0.0,4,0,8,28
86,2015-08-29,39.43,2,2,2,0.5,0.5,5,1,8,29
86,2015-08-30,74.05,2,1,1,1.0,0.0,6,1,8,30
86,2015-08-31,248.81,4,3,3,0.75,0.25,0,0,8,31
86,2015-09-01,14.25,1,1,1,1.0,0.0,1,0,9,1
86,2015-09-02,30.71,1,1,1,1.0,0.0,2,0,9,2
86,2015-09-04,184.41,4,4,4,0.5,0.5,4,0,9,4
86,2015-09-05,23.28,1,1,1,1.0,0.0,5,1,9,5
86,2015-09-06,143.2,4,3,3,0.5,0.5,6,1,9,6
86,2015-09-07,37.52,1,1,1,1.0,0.0,0,0,9,7
86,2015-09-08,61.36,3,3,3,0.3333333333333333,0.6666666666666666,1,0,9,8
86,2015-09-09,372.26,6,6,6,0.16666666666666666,0.8333333333333334,2,0,9,9
86,2015-09-10,38.29,2,2,2,0.5,0.5,3,0,9,10
86,2015-09-11,37.8,1,1,1,1.0,0.0,4,0,9,11
86,2015-09-12,28.99,1,1,1,1.0,0.0,5,1,9,12
86,2015-09-13,34.230000000000004,5,3,3,0.2,0.8,6,1,9,13
86,2015-09-14,18.82,1,1,1,1.0,0.0,0,0,9,14
86,2015-09-16,113.61,3,3,3,0.3333333333333333,0.6666666666666666,2,0,9,16
86,2015-09-17,34.83,4,2,2,0.25,0.75,3,0,9,17
86,2015-09-18,112.49000000000001,5,4,4,0.2,0.8,4,0,9,18
86,2015-09-20,125.16,2,2,2,0.5,0.5,6,1,9,20
86,2015-09-21,39.25,1,1,1,1.0,0.0,0,0,9,21
86,2015-09-22,31.98,1,1,1,1.0,0.0,1,0,9,22
86,2015-09-23,117.6,2,2,2,0.5,0.5,2,0,9,23
86,2015-09-24,105.88,2,2,2,0.5,0.5,3,0,9,24
86,2015-09-25,36.26,1,1,1,1.0,0.0,4,0,9,25
86,2015-09-26,223.92,4,4,4,0.5,0.5,5,1,9,26
86,2015-09-27,104.02000000000001,3,3,3,0.3333333333333333,0.6666666666666666,6,1,9,27
86,2015-09-28,93.06,4,4,4,0.25,0.75,0,0,9,28
86,2015-09-29,106.89999999999999,4,3,3,0.25,0.75,1,0,9,29
86,2015-09-30,34.21,1,1,1,1.0,0.0,2,0,9,30
86,2015-10-01,71.51,2,2,2,0.5,0.5,3,0,10,1
86,2015-10-02,35.09,1,1,1,1.0,0.0,4,0,10,2
86,2015-10-03,84.24000000000001,2,1,1,1.0,0.0,5,1,10,3
86,2015-10-04,125.63999999999999,7,4,4,0.14285714285714285,0.8571428571428571,6,1,10,4
86,2015-10-05,41.74000000000001,6,4,4,0.16666666666666666,0.8333333333333334,0,0,10,5
86,2015-10-06,41.949999999999996,3,2,3,0.3333333333333333,0.6666666666666666,1,0,10,6
86,2015-10-07,91.8,3,2,2,0.6666666666666666,0.3333333333333333,2,0,10,7
86,2015-10-08,28.55,1,1,1,1.0,0.0,3,0,10,8
86,2015-10-09,32.26,1,1,1,1.0,0.0,4,0,10,9
86,2015-10-10,144.17000000000002,2,2,2,0.5,0.5,5,1,10,10
86,2015-10-11,44.65,2,2,2,0.5,0.5,6,1,10,11
86,2015-10-12,252.24,4,3,3,0.5,0.5,0,0,10,12
86,2015-10-13,26.54,2,2,2,0.5,0.5,1,0,10,13
86,2015-10-15,34.47,2,2,2,0.5,0.5,3,0,10,15
86,2015-10-16,163.60999999999999,2,2,2,1.0,0.0,4,0,10,16
86,2015-10-17,50.47,4,2,2,0.25,0.75,5,1,10,17
86,2015-10-18,60.35,4,4,4,0.25,0.75,6,1,10,18
86,2015-10-19,259.03000000000003,5,4,4,0.4,0.6,0,0,10,19
86,2015-10-20,43.29,1,1,1,1.0,0.0,1,0,10,20
86,2015-10-21,29.87,1,1,1,1.0,0.0,2,0,10,21
86,2015-10-22,43.83,2,2,2,0.5,0.5,3,0,10,22
86,2015-10-23,140.59,6,4,4,0.16666666666666666,0.8333333333333334,4,0,10,23
86,2015-10-24,33.95,1,1,1,1.0,0.0,5,1,10,24
86,2015-10-25,68.15,2,1,1,1.0,0.0,6,1,10,25
86,2015-10-26,36.51,2,2,2,0.5,0.5,0,0,10,26
86,2015-10-27,97.61,2,2,2,1.0,0.0,1,0,10,27
86,2015-10-28,51.7,2,2,2,0.5,0.5,2,0,10,28
86,2015-10-29,161.02,3,3,3,0.6666666666666666,0.3333333333333333,3,0,10,29
86,2015-10-31,103.09,3,1,1,1.0,0.0,5,1,10,31
86,2015-11-01,154.94,4,4,4,0.25,0.75,6,1,11,1
86,2015-11-02,79.03999999999999,4,3,3,0.25,0.75,0,0,11,2
86,2015-11-03,73.12,3,3,3,0.3333333333333333,0.6666666666666666,1,0,11,3
86,2015-11-04,122.46000000000001,6,4,4,0.16666666666666666,0.8333333333333334,2,0,11,4
86,2015-11-05,33.81,1,1,1,1.0,0.0,3,0,11,5
86,2015-11-06,38.39,1,1,1,1.0,0.0,4,0,11,6
86,2015-11-07,132.18,3,3,3,0.3333333333333333,0.6666666666666666,5,1,11,7
86,2015-11-08,35.82,2,2,2,0.5,0.5,6,1,11,8
86,2015-11-09,91.11,4,4,4,0.25,0.75,0,0,11,9
86,2015-11-10,37.77,1,1,1,1.0,0.0,1,0,11,10
86,2015-11-11,126.08,3,3,3,0.6666666666666666,0.3333333333333333,2,0,11,11
86,2015-11-12,126.29,3,3,3,0.3333333333333333,0.6666666666666666,3,0,11,12
86,2015-11-13,109.06,5,3,3,0.4,0.6,4,0,11,13
86,2015-11-14,146.37,4,3,3,0.5,0.5,5,1,11,14
86,2015-11-15,41.94,2,2,2,0.5,0.5,6,1,11,15
86,2015-11-16,33.38,1,1,1,1.0,0.0,0,0,11,16
86,2015-11-17,35.93,2,2,2,0.5,0.5,1,0,11,17
86,2015-11-18,4.63,1,1,1,0.0,1.0,2,0,11,18
86,2015-11-19,55.54,2,1,1,1.0,0.0,3,0,11,19
86,2015-11-20,85.75,2,1,1,1.0,0.0,4,0,11,20
86,2015-11-21,39.0,1,1,1,1.0,0.0,5,1,11,21
86,2015-11-22,126.14999999999999,3,3,3,0.3333333333333333,0.6666666666666666,6,1,11,22
86,2015-11-23,132.93,4,2,2,0.75,0.25,0,0,11,23
86,2015-11-24,255.2,5,5,5,0.4,0.6,1,0,11,24
86,2015-11-25,133.85,5,4,4,0.4,0.6,2,0,11,25
86,2015-11-26,6.299999999999999,4,2,2,0.0,1.0,3,0,11,26
86,2015-11-27,189.68,2,1,2,0.5,0.5,4,0,11,27
86,2015-11-28,42.43,5,3,3,0.2,0.8,5,1,11,28
86,2015-11-29,104.69,2,2,2,0.5,0.5,6,1,11,29
86,2015-11-30,166.67000000000002,4,4,4,0.5,0.5,0,0,11,30
86,2015-12-01,28.0,3,3,3,0.3333333333333333,0.6666666666666666,1,0,12,1
86,2015-12-02,130.36,5,4,4,0.4,0.6,2,0,12,2
86,2015-12-03,125.7,1,1,1,1.0,0.0,3,0,12,3
86,2015-12-04,18.96,3,3,3,0.0,1.0,4,0,12,4
86,2015-12-05,36.42,2,2,2,0.5,0.5,5,1,12,5
86,2015-12-06,36.38,2,2,2,0.5,0.5,6,1,12,6
86,2015-12-07,35.97,1,1,1,1.0,0.0,0,0,12,7
86,2015-12-08,63.26,3,2,2,0.3333333333333333,0.6666666666666666,1,0,12,8
86,2015-12-09,39.02,2,2,2,0.5,0.5,2,0,12,9
86,2015-12-11,38.86,1,1,1,1.0,0.0,4,0,12,11
86,2015-12-12,47.28,1,1,1,1.0,0.0,5,1,12,12
86,2015-12-13,234.84,4,3,3,0.75,0.25,6,1,12,13
86,2015-12-14,50.09,2,2,2,0.5,0.5,0,0,12,14
86,2015-12-15,20.14,1,1,1,1.0,0.0,1,0,12,15
86,2015-12-16,24.22,1,1,1,1.0,0.0,2,0,12,16
86,2015-12-17,134.25,3,3,3,0.0,1.0,3,0,12,17
86,2015-12-18,195.77,5,4,4,0.4,0.6,4,0,12,18
86,2015-12-19,129.01,3,3,3,0.3333333333333333,0.6666666666666666,5,1,12,19
86,2015-12-20,74.15,3,2,2,0.6666666666666666,0.3333333333333333,6,1,12,20
86,2015-12-21,126.66,4,4,4,0.25,0.75,0,0,12,21
86,2015-12-22,42.65,3,3,3,0.3333333333333333,0.6666666666666666,1,0,12,22
86,2015-12-23,158.11,3,3,3,0.6666666666666666,0.3333333333333333,2,0,12,23
86,2015-12-24,78.73,2,2,2,0.5,0.5,3,0,12,24
86,2015-12-25,81.83,2,2,2,0.5,0.5,4,0,12,25
86,2015-12-26,57.45,1,1,1,0.0,1.0,5,1,12,26
86,2015-12-27,32.77,1,1,1,1.0,0.0,6,1,12,27
86,2015-12-28,140.95,5,5,5,0.2,0.8,0,0,12,28
86,2015-12-29,119.43,2,2,2,0.5,0.5,1,0,12,29
86,2015-12-30,53.839999999999996,3,3,3,0.3333333333333333,0.6666666666666666,2,0,12,30
86,2015-12-31,97.55000000000001,2,2,2,1.0,0.0,3,0,12,31
86,2016-01-01,160.69,2,2,2,1.0,0.0,4,0,1,1
86,2016-01-02,28.85,1,1,1,1.0,0.0,5,1,1,2
86,2016-01-03,43.17,2,2,2,0.5,0.5,6,1,1,3
86,2016-01-04,83.79,6,6,6,0.16666666666666666,0.8333333333333334,0,0,1,4
86,2016-01-05,140.88,3,3,3,0.3333333333333333,0.6666666666666666,1,0,1,5
86,2016-01-06,28.72,1,1,1,1.0,0.0,2,0,1,6
86,2016-01-07,23.09,1,1,1,1.0,0.0,3,0,1,7
86,2016-01-08,174.72,4,3,3,0.5,0.5,4,0,1,8
86,2016-01-10,35.39,2,2,2,0.5,0.5,6,1,1,10
86,2016-01-11,399.40999999999997,6,4,4,0.3333333333333333,0.6666666666666666,0,0,1,11
86,2016-01-12,124.75,3,2,2,0.6666666666666666,0.3333333333333333,1,0,1,12
86,2016-01-13,61.21,3,2,2,0.6666666666666666,0.3333333333333333,2,0,1,13
86,2016-01-14,5.24,1,1,1,0.0,1.0,3,0,1,14
86,2016-01-15,236.16000000000003,4,4,4,0.5,0.5,4,0,1,15
86,2016-01-16,37.61,1,1,1,1.0,0.0,5,1,1,16
86,2016-01-17,128.07999999999998,6,4,4,0.16666666666666666,0.8333333333333334,6,1,1,17
86,2016-01-18,142.53,5,5,5,0.4,0.6,0,0,1,18
86,2016-01-19,145.39,2,2,2,0.5,0.5,1,0,1,19
86,2016-01-20,37.449999999999996,2,2,2,0.5,0.5,2,0,1,20
86,2016-01-21,66.53,2,2,2,0.5,0.5,3,0,1,21
86,2016-01-23,33.19,2,2,2,0.0,1.0,5,1,1,23
86,2016-01-24,158.25,4,4,4,0.5,0.5,6,1,1,24
86,2016-01-25,59.47,2,1,1,1.0,0.0,0,0,1,25
86,2016-01-26,87.36,3,3,3,0.3333333333333333,0.6666666666666666,1,0,1,26
86,2016-01-27,21.66,1,1,1,1.0,0.0,2,0,1,27
86,2016-01-28,50.900000000000006,3,2,2,0.3333333333333333,0.6666666666666666,3,0,1,28
86,2016-01-29,107.44,2,2,2,0.0,1.0,4,0,1,29
86,2016-01-30,157.44,3,3,3,0.3333333333333333,0.6666666666666666,5,1,1,30
86,2016-01-31,160.85,4,4,4,0.25,0.75,6,1,1,31
86,2016-02-01,129.74,4,4,4,0.25,0.75,0,0,2,1
86,2016-02-02,46.0,2,2,2,0.5,0.5,1,0,2,2
86,2016-02-03,309.61,5,5,5,0.4,0.6,2,0,2,3
86,2016-02-04,121.69,3,2,2,0.6666666666666666,0.3333333333333333,3,0,2,4
86,2016-02-05,136.87,4,4,4,0.25,0.75,4,0,2,5
86,2016-02-06,152.18,3,3,3,0.6666666666666666,0.3333333333333333,5,1,2,6
86,2016-02-07,31.150000000000002,2,2,2,0.5,0.5,6,1,2,7
86,2016-02-08,49.03,1,1,1,1.0,0.0,0,0,2,8
86,2016-02-09,567.95,6,5,6,0.6666666666666666,0.3333333333333333,1,0,2,9
86,2016-02-10,33.17,1,1,1,1.0,0.0,2,0,2,10
86,2016-02-11,159.89,3,3,3,0.3333333333333333,0.6666666666666666,3,0,2,11
86,2016-02-12,83.03999999999999,3,2,2,0.6666666666666666,0.3333333333333333,4,0,2,12
86,2016-02-13,20.83,1,1,1,1.0,0.0,5,1,2,13
86,2016-02-14,41.93,2,2,2,0.5,0.5,6,1,2,14
86,2016-02-15,42.220000000000006,2,2,2,0.5,0.5,0,0,2,15
86,2016-02-16,128.35,4,3,3,0.25,0.75,1,0,2,16
86,2016-02-17,35.14,2,2,2,0.5,0.5,2,0,2,17
86,2016-02-18,225.68,4,3,4,0.25,0.75,3,0,2,18
86,2016-02-19,41.03,2,2,2,0.5,0.5,4,0,2,19
86,2016-02-20,69.56,3,2,2,0.6666666666666666,0.3333333333333333,5,1,2,20
86,2016-02-21,336.28,5,5,5,0.2,0.8,6,1,2,21
86,2016-02-22,89.46,3,2,2,0.6666666666666666,0.3333333333333333,0,0,2,22
86,2016-02-23,38.24,1,1,1,1.0,0.0,1,0,2,23
86,2016-02-24,74.58,3,3,3,0.3333333333333333,0.6666666666666666,2,0,2,24
86,2016-02-25,248.44000000000003,5,4,4,0.6,0.4,3,0,2,25
86,2016-02-26,138.78,4,3,3,0.5,0.5,4,0,2,26
86,2016-02-27,120.74,3,3,3,0.3333333333333333,0.6666666666666666,5,1,2,27
86,2016-02-28,71.52,3,3,3,0.3333333333333333,0.6666666666666666,6,1,2,28
86,2016-03-02,39.05,2,2,2,0.5,0.5,2,0,3,2
86,2016-03-03,152.07,4,3,3,0.25,0.75,3,0,3,3
86,2016-03-04,148.7,2,2,2,0.5,0.5,4,0,3,4
86,2016-03-05,61.88,2,2,2,0.5,0.5,5,1,3,5
86,2016-03-06,33.019999999999996,2,2,2,0.5,0.5,6,1,3,6
86,2016-03-07,116.36000000000001,3,3,3,0.3333333333333333,0.6666666666666666,0,0,3,7
86,2016-03-08,80.07000000000001,3,2,2,0.6666666666666666,0.3333333333333333,1,0,3,8
86,2016-03-10,166.31,4,3,3,0.25,0.75,3,0,3,10
86,2016-03-11,74.53999999999999,2,1,1,1.0,0.0,4,0,3,11
86,2016-03-13,145.71,3,3,3,0.6666666666666666,0.3333333333333333,6,1,3,13
86,2016-03-14,62.650000000000006,2,2,2,0.5,0.5,0,0,3,14
86,2016-03-15,66.83,3,3,3,0.3333333333333333,0.6666666666666666,1,0,3,15
86,2016-03-16,88.87,2,2,2,1.0,0.0,2,0,3,16
86,2016-03-17,37.93,1,1,1,1.0,0.0,3,0,3,17
86,2016-03-18,58.48,3,3,3,0.0,1.0,4,0,3,18
86,2016-03-19,106.41,2,2,2,0.5,0.5,5,1,3,19
86,2016-03-20,48.04,3,3,3,0.3333333333333333,0.6666666666666666,6,1,3,20
86,2016-03-21,48.91,2,2,2,0.5,0.5,0,0,3,21
86,2016-03-22,210.56,4,3,3,0.5,0.5,1,0,3,22
86,2016-03-23,41.83,1,1,1,1.0,0.0,2,0,3,23
86,2016-03-24,31.11,1,1,1,1.0,0.0,3,0,3,24
86,2016-03-25,67.28,2,2,2,0.5,0.0,4,0,3,25
86,2016-03-26,384.23999999999995,4,3,3,0.5,0.5,5,1,3,26
86,2016-03-27,36.239999999999995,2,2,2,0.5,0.5,6,1,3,27
86,2016-03-28,265.22,7,5,5,0.2857142857142857,0.7142857142857143,0,0,3,28
86,2016-03-29,24.82,2,2,2,0.5,0.5,1,0,3,29
86,2016-03-30,111.06,4,3,3,0.5,0.5,2,0,3,30
86,2016-03-31,20.68,1,1,1,1.0,0.0,3,0,3,31
86,2016-04-01,4.21,1,1,1,0.0,1.0,4,0,4,1
86,2016-04-02,17.34,2,2,2,0.5,0.5,5,1,4,2
86,2016-04-03,37.25,1,1,1,1.0,0.0,6,1,4,3
86,2016-04-04,74.84,2,2,2,0.5,0.5,0,0,4,4
86,2016-04-05,64.64,3,2,2,0.6666666666666666,0.3333333333333333,1,0,4,5
86,2016-04-06,88.52,4,2,3,0.5,0.5,2,0,4,6
86,2016-04-07,18.83,2,2,2,0.5,0.5,3,0,4,7
86,2016-04-08,65.65,2,2,2,0.5,0.5,4,0,4,8
86,2016-04-09,124.0,2,2,2,0.5,0.5,5,1,4,9
86,2016-04-10,24.25,1,1,1,1.0,0.0,6,1,4,10
86,2016-04-11,124.19,3,3,3,0.3333333333333333,0.6666666666666666,0,0,4,11
86,2016-04-12,113.24000000000001,4,3,3,0.25,0.75,1,0,4,12
86,2016-04-13,36.29,1,1,1,1.0,0.0,2,0,4,13
86,2016-04-14,120.33,3,3,3,0.6666666666666666,0.3333333333333333,3,0,4,14
86,2016-04-15,282.13,5,3,3,0.6,0.4,4,0,4,15
86,2016-04-16,100.0,1,1,1,0.0,1.0,5,1,4,16
86,2016-04-17,182.81,4,4,4,0.25,0.75,6,1,4,17
86,2016-04-18,129.66,2,2,2,0.5,0.5,0,0,4,18
86,2016-04-19,45.66,5,3,3,0.2,0.8,1,0,4,19
86,2016-04-20,98.94,2,2,2,0.5,0.5,2,0,4,20
86,2016-04-21,60.32,6,4,4,0.16666666666666666,0.8333333333333334,3,0,4,21
86,2016-04-22,4.27,1,1,1,0.0,1.0,4,0,4,22
86,2016-04-23,145.87,3,3,3,0.3333333333333333,0.6666666666666666,5,1,4,23
86,2016-04-24,159.51999999999998,4,3,3,0.5,0.5,6,1,4,24
86,2016-04-25,167.66000000000003,4,4,4,0.5,0.5,0,0,4,25
86,2016-04-26,42.78,2,2,2,0.5,0.5,1,0,4,26
86,2016-04-27,39.910000000000004,6,4,4,0.16666666666666666,0.8333333333333334,2,0,4,27
86,2016-04-28,43.5,1,1,1,1.0,0.0,3,0,4,28
86,2016-04-29,126.34,3,3,3,0.0,1.0,4,0,4,29
86,2016-05-01,722.55,6,6,6,0.6666666666666666,0.0,6,1,5,1
86,2016-05-02,62.17,4,4,4,0.25,0.75,0,0,5,2
86,2016-05-03,43.61,2,2,2,0.5,0.5,1,0,5,3
86,2016-05-04,88.05000000000001,4,3,3,0.5,0.5,2,0,5,4
86,2016-05-05,42.29,2,2,2,0.5,0.5,3,0,5,5
86,2016-05-06,43.339999999999996,2,2,2,0.5,0.5,4,0,5,6
86,2016-05-07,28.49,1,1,1,1.0,0.0,5,1,5,7
86,2016-05-08,93.64,3,2,2,0.6666666666666666,0.3333333333333333,6,1,5,8
86,2016-05-09,154.09,4,4,4,0.25,0.75,0,0,5,9
86,2016-05-10,61.35,1,1,1,1.0,0.0,1,0,5,10
86,2016-05-11,337.91999999999996,6,4,4,0.6666666666666666,0.3333333333333333,2,0,5,11
86,2016-05-12,26.78,1,1,1,1.0,0.0,3,0,5,12
86,2016-05-13,165.37,2,2,2,0.5,0.5,4,0,5,13
86,2016-05-14,31.98,1,1,1,1.0,0.0,5,1,5,14
86,2016-05-15,32.230000000000004,2,2,2,0.5,0.5,6,1,5,15
86,2016-05-16,71.81,3,3,3,0.3333333333333333,0.6666666666666666,0,0,5,16
86,2016-05-17,45.85,1,1,1,1.0,0.0,1,0,5,17
86,2016-05-18,301.44,4,4,4,0.5,0.5,2,0,5,18
86,2016-05-19,98.82,2,2,2,0.5,0.5,3,0,5,19
86,2016-05-21,141.58,2,2,2,0.5,0.5,5,1,5,21
86,2016-05-22,55.24999999999999,6,3,3,0.3333333333333333,0.6666666666666666,6,1,5,22
86,2016-05-23,28.32,2,2,2,0.5,0.5,0,0,5,23
86,2016-05-24,93.75999999999999,2,2,2,0.5,0.5,1,0,5,24
86,2016-05-25,134.10999999999999,3,3,3,0.6666666666666666,0.3333333333333333,2,0,5,25
86,2016-05-26,91.42,4,4,4,0.25,0.75,3,0,5,26
86,2016-05-27,107.56,4,3,3,0.5,0.5,4,0,5,27
86,2016-05-28,39.82000000000001,4,2,2,0.25,0.75,5,1,5,28
86,2016-05-29,35.52,1,1,1,1.0,0.0,6,1,5,29
86,2016-05-30,2.27,1,1,1,0.0,1.0,0,0,5,30
86,2016-05-31,58.2,3,3,3,0.3333333333333333,0.6666666666666666,1,0,5,31
86,2016-06-01,42.349999999999994,5,3,3,0.2,0.8,2,0,6,1
86,2016-06-02,119.47,3,3,3,0.3333333333333333,0.6666666666666666,3,0,6,2
86,2016-06-03,41.56,1,1,1,1.0,0.0,4,0,6,3
86,2016-06-04,92.25,2,1,1,1.0,0.0,5,1,6,4
86,2016-06-05,50.6,4,2,2,0.25,0.75,6,1,6,5
86,2016-06-06,152.95000000000002,3,3,3,0.6666666666666666,0.3333333333333333,0,0,6,6
86,2016-06-07,43.07,2,2,2,0.5,0.5,1,0,6,7
86,2016-06-08,42.62,2,2,2,0.5,0.5,2,0,6,8
86,2016-06-09,35.739999999999995,2,2,2,0.5,0.5,3,0,6,9
86,2016-06-10,94.52000000000001,2,2,2,0.5,0.5,4,0,6,10
86,2016-06-11,103.72,3,3,3,0.3333333333333333,0.6666666666666666,5,1,6,11
86,2016-06-12,35.34,1,1,1,1.0,0.0,6,1,6,12
86,2016-06-13,36.14,2,2,2,0.5,0.5,0,0,6,13
86,2016-06-14,46.03,2,2,2,0.5,0.5,1,0,6,14
86,2016-06-15,43.86,2,2,2,0.5,0.5,2,0,6,15
86,2016-06-16,29.53,1,1,1,1.0,0.0,3,0,6,16
86,2016-06-17,189.34,5,5,5,0.4,0.6,4,0,6,17
86,2016-06-18,63.28,2,2,2,0.5,0.5,5,1,6,18
86,2016-06-19,261.99,5,5,5,0.2,0.8,6,1,6,19
86,2016-06-20,28.23,1,1,1,1.0,0.0,0,0,6,20
86,2016-06-21,45.33,3,3,3,0.3333333333333333,0.6666666666666666,1,0,6,21
86,2016-06-22,116.75,2,2,2,0.5,0.5,2,0,6,22
86,2016-06-23,19.29,2,2,2,0.5,0.5,3,0,6,23
86,2016-06-24,120.13999999999999,4,4,4,0.25,0.75,4,0,6,24
86,2016-06-25,306.7,4,3,4,0.25,0.75,5,1,6,25
86,2016-06-26,210.57,4,3,3,0.5,0.5,6,1,6,26
86,2016-06-27,78.28,6,4,4,0.16666666666666666,0.8333333333333334,0,0,6,27
86,2016-06-28,195.45999999999998,3,2,2,1.0,0.0,1,0,6,28
86,2016-06-29,37.61,5,3,3,0.2,0.8,2,0,6,29
86,2016-06-30,148.81,4,4,4,0.25,0.75,3,0,6,30
86,2016-07-01,26.37,1,1,1,1.0,0.0,4,0,7,1
86,2016-07-02,40.059999999999995,3,3,3,0.3333333333333333,0.6666666666666666,5,1,7,2
86,2016-07-03,21.99,1,1,1,1.0,0.0,6,1,7,3
86,2016-07-04,37.39,1,1,1,1.0,0.0,0,0,7,4
86,2016-07-05,61.81,2,2,2,0.5,0.5,1,0,7,5
86,2016-07-06,128.36,3,3,3,0.3333333333333333,0.6666666666666666,2,0,7,6
86,2016-07-07,122.38,3,3,3,0.3333333333333333,0.6666666666666666,3,0,7,7
86,2016-07-08,25.03,3,3,3,0.3333333333333333,0.6666666666666666,4,0,7,8
86,2016-07-09,122.4,3,3,3,0.3333333333333333,0.6666666666666666,5,1,7,9
86,2016-07-10,2.79,1,1,1,0.0,1.0,6,1,7,10
86,2016-07-11,152.21,3,3,3,0.3333333333333333,0.6666666666666666,0,0,7,11
86,2016-07-12,155.49,5,5,5,0.4,0.6,1,0,7,12
86,2016-07-13,162.44,3,3,3,0.6666666666666666,0.3333333333333333,2,0,7,13
86,2016-07-14,41.07,3,2,3,0.3333333333333333,0.6666666666666666,3,0,7,14
86,2016-07-15,170.2,3,2,2,1.0,0.0,4,0,7,15
86,2016-07-16,130.56,5,4,4,0.4,0.6,5,1,7,16
86,2016-07-17,76.38000000000001,4,2,2,0.5,0.5,6,1,7,17
86,2016-07-18,134.19,2,2,2,0.5,0.5,0,0,7,18
86,2016-07-19,63.03,3,2,2,0.6666666666666666,0.3333333333333333,1,0,7,19
86,2016-07-20,213.83,4,3,3,0.75,0.25,2,0,7,20
86,2016-07-21,35.99,1,1,1,1.0,0.0,3,0,7,21
86,2016-07-22,112.36,3,2,2,0.3333333333333333,0.6666666666666666,4,0,7,22
86,2016-07-23,32.17000000000001,6,4,4,0.16666666666666666,0.8333333333333334,5,1,7,23
86,2016-07-25,38.58,1,1,1,1.0,0.0,0,0,7,25
86,2016-07-26,88.72,3,3,3,0.0,1.0,1,0,7,26
86,2016-07-27,170.36,2,2,2,1.0,0.0,2,0,7,27
86,2016-07-28,18.7,1,1,1,1.0,0.0,3,0,7,28
86,2016-07-29,203.73,2,2,2,0.5,0.5,4,0,7,29
86,2016-07-30,84.33999999999999,3,2,2,0.6666666666666666,0.3333333333333333,5,1,7,30
86,2016-07-31,36.99,1,1,1,1.0,0.0,6,1,7,31
86,2016-08-01,135.95,2,2,2,0.5,0.5,0,0,8,1
86,2016-08-02,25.49,1,1,1,1.0,0.0,1,0,8,2
86,2016-08-03,40.97,2,2,2,0.5,0.5,2,0,8,3
86,2016-08-04,7.42,2,2,2,0.0,1.0,3,0,8,4
86,2016-08-05,159.24,4,3,4,0.25,0.75,4,0,8,5
86,2016-08-07,82.71,3,3,3,0.3333333333333333,0.6666666666666666,6,1,8,7
86,2016-08-09,35.42,1,1,1,1.0,0.0,1,0,8,9
86,2016-08-10,42.489999999999995,2,2,2,0.5,0.5,2,0,8,10
86,2016-08-11,222.20999999999998,3,3,3,0.6666666666666666,0.3333333333333333,3,0,8,11
86,2016-08-12,43.96,3,2,2,0.3333333333333333,0.6666666666666666,4,0,8,12
86,2016-08-13,35.84,1,1,1,1.0,0.0,5,1,8,13
86,2016-08-14,42.86,2,2,2,0.5,0.5,6,1,8,14
86,2016-08-15,51.1,5,3,3,0.2,0.8,0,0,8,15
86,2016-08-16,33.79,2,2,2,0.5,0.5,1,0,8,16
86,2016-08-17,235.19,4,4,4,0.75,0.25,2,0,8,17
86,2016-08-18,117.46000000000001,2,2,2,0.5,0.5,3,0,8,18
86,2016-08-19,167.55,4,4,4,0.5,0.5,4,0,8,19
86,2016-08-20,94.74,4,3,3,0.5,0.5,5,1,8,20
86,2016-08-21,49.09,5,3,3,0.2,0.8,6,1,8,21
86,2016-08-22,35.81,1,1,1,1.0,0.0,0,0,8,22
86,2016-08-23,177.07,3,3,3,0.3333333333333333,0.6666666666666666,1,0,8,23
86,2016-08-24,143.28,2,2,2,1.0,0.0,2,0,8,24
86,2016-08-25,49.11,3,3,3,0.3333333333333333,0.6666666666666666,3,0,8,25
86,2016-08-26,111.08,3,3,3,0.6666666666666666,0.3333333333333333,4,0,8,26
86,2016-08-27,20.67,1,1,1,0.0,1.0,5,1,8,27
86,2016-08-28,40.190000000000005,3,2,2,0.3333333333333333,0.6666666666666666,6,1,8,28
86,2016-08-29,196.16,3,2,2,0.6666666666666666,0.3333333333333333,0,0,8,29
86,2016-08-30,175.73,4,4,4,0.25,0.75,1,0,8,30
86,2016-08-31,176.89,4,4,4,0.25,0.75,2,0,8,31
86,2016-09-01,81.32,2,1,1,1.0,0.0,3,0,9,1
86,2016-09-02,22.12,1,1,1,1.0,0.0,4,0,9,2
86,2016-09-03,126.0,2,2,2,0.5,0.5,5,1,9,3
86,2016-09-04,232.08999999999997,4,4,4,0.25,0.75,6,1,9,4
86,2016-09-05,4.59,1,1,1,0.0,1.0,0,0,9,5
86,2016-09-06,54.650000000000006,2,2,2,0.5,0.5,1,0,9,6
86,2016-09-07,147.97,5,3,3,0.4,0.6,2,0,9,7
86,2016-09-08,36.08,2,2,2,0.5,0.5,3,0,9,8
86,2016-09-09,173.76,4,4,4,0.5,0.5,4,0,9,9
86,2016-09-10,59.8,2,2,2,0.5,0.5,5,1,9,10
86,2016-09-11,33.04,1,1,1,1.0,0.0,6,1,9,11
86,2016-09-12,309.41,4,3,4,0.25,0.5,0,0,9,12
86,2016-09-13,-155.79,8,4,4,0.125,0.75,1,0,9,13
86,2016-09-14,111.17,2,2,2,0.5,0.5,2,0,9,14
86,2016-09-15,134.6,2,2,2,0.5,0.5,3,0,9,15
86,2016-09-16,34.02,1,1,1,1.0,0.0,4,0,9,16
86,2016-09-18,38.37,1,1,1,1.0,0.0,6,1,9,18
86,2016-09-19,61.68000000000001,2,2,2,1.0,0.0,0,0,9,19
86,2016-09-20,63.69,5,2,2,0.4,0.6,1,0,9,20
86,2016-09-21,127.4,4,4,4,0.0,1.0,2,0,9,21
86,2016-09-22,37.18,3,3,3,0.0,1.0,3,0,9,22
86,2016-09-24,59.41,2,2,2,0.5,0.5,5,1,9,24
86,2016-09-25,153.06,4,4,4,0.25,0.75,6,1,9,25
86,2016-09-26,167.73999999999998,5,5,5,0.4,0.6,0,0,9,26
86,2016-09-27,94.05,3,3,3,0.3333333333333333,0.6666666666666666,1,0,9,27
86,2016-09-28,93.58,2,2,2,0.0,1.0,2,0,9,28
86,2016-09-29,32.18,1,1,1,1.0,0.0,3,0,9,29
86,2016-09-30,42.66,1,1,1,1.0,0.0,4,0,9,30
86,2016-10-01,845.3199999999999,3,3,3,0.3333333333333333,0.3333333333333333,5,1,10,1
86,2016-10-02,101.97,2,2,2,0.5,0.5,6,1,10,2
86,2016-10-03,164.73000000000002,4,4,4,0.25,0.75,0,0,10,3
86,2016-10-04,152.28,5,5,5,0.2,0.8,1,0,10,4
86,2016-10-05,140.36,2,2,2,0.5,0.5,2,0,10,5
86,2016-10-06,24.94,2,2,2,0.5,0.5,3,0,10,6
86,2016-10-09,36.26,2,2,2,0.5,0.5,6,1,10,9
86,2016-10-10,78.37,4,3,3,0.5,0.5,0,0,10,10
86,2016-10-11,49.919999999999995,3,3,3,0.3333333333333333,0.6666666666666666,1,0,10,11
86,2016-10-12,165.35999999999999,2,2,2,1.0,0.0,2,0,10,12
86,2016-10-13,121.08000000000001,2,2,2,0.5,0.5,3,0,10,13
86,2016-10-14,67.55,3,2,2,0.0,1.0,4,0,10,14
86,2016-10-15,34.15,1,1,1,1.0,0.0,5,1,10,15
86,2016-10-16,24.240000000000002,2,2,2,0.5,0.5,6,1,10,16
86,2016-10-17,190.01999999999998,4,4,4,0.5,0.5,0,0,10,17
86,2016-10-18,64.82,5,3,3,0.0,1.0,1,0,10,18
86,2016-10-19,117.14,3,3,3,0.3333333333333333,0.6666666666666666,2,0,10,19
86,2016-10-20,31.880000000000003,4,2,2,0.25,0.75,3,0,10,20
86,2016-10-21,90.17,2,1,2,0.0,1.0,4,0,10,21
86,2016-10-23,113.30000000000001,5,3,3,0.2,0.8,6,1,10,23
86,2016-10-24,63.22,2,2,2,0.5,0.5,0,0,10,24
86,2016-10-25,139.04,4,3,3,0.5,0.5,1,0,10,25
86,2016-10-26,32.81,2,2,2,0.5,0.5,2,0,10,26
86,2016-10-27,30.939999999999998,4,2,2,0.25,0.75,3,0,10,27
86,2016-10-28,124.24,3,3,3,0.3333333333333333,0.6666666666666666,4,0,10,28
86,2016-10-29,65.54,3,3,3,0.3333333333333333,0.6666666666666666,5,1,10,29
86,2016-10-30,43.58,5,3,3,0.2,0.8,6,1,10,30
86,2016-10-31,61.16,3,2,2,0.6666666666666666,0.3333333333333333,0,0,10,31
86,2016-11-01,364.94,4,3,4,0.5,0.5,1,0,11,1
86,2016-11-02,38.25,1,1,1,1.0,0.0,2,0,11,2
86,2016-11-03,39.08,5,3,3,0.2,0.8,3,0,11,3
86,2016-11-04,30.59,1,1,1,1.0,0.0,4,0,11,4
86,2016-11-05,168.92000000000002,3,3,3,0.3333333333333333,0.6666666666666666,5,1,11,5
86,2016-11-06,170.36,4,3,3,0.5,0.5,6,1,11,6
86,2016-11-07,96.78,2,2,2,0.5,0.5,0,0,11,7
86,2016-11-08,54.11,3,3,3,0.3333333333333333,0.6666666666666666,1,0,11,8
86,2016-11-09,81.2,3,2,2,0.6666666666666666,0.3333333333333333,2,0,11,9
86,2016-11-10,33.55,1,1,1,1.0,0.0,3,0,11,10
86,2016-11-11,125.84,2,2,2,0.0,1.0,4,0,11,11
86,2016-11-12,58.09,1,1,1,0.0,1.0,5,1,11,12
86,2016-11-13,40.8,4,2,2,0.25,0.75,6,1,11,13
86,2016-11-14,52.17,3,3,3,0.3333333333333333,0.6666666666666666,0,0,11,14
86,2016-11-15,37.27,1,1,1,1.0,0.0,1,0,11,15
86,2016-11-16,36.84,2,2,2,0.5,0.5,2,0,11,16
86,2016-11-17,36.53,1,1,1,1.0,0.0,3,0,11,17
86,2016-11-18,4.98,1,1,1,0.0,1.0,4,0,11,18
86,2016-11-19,3.77,1,1,1,0.0,1.0,5,1,11,19
86,2016-11-20,237.18,4,4,4,0.5,0.5,6,1,11,20
86,2016-11-21,46.12,4,4,4,0.25,0.75,0,0,11,21
86,2016-11-22,170.76,5,5,5,0.4,0.6,1,0,11,22
86,2016-11-23,24.44,1,1,1,1.0,0.0,2,0,11,23
86,2016-11-24,85.43,7,5,5,0.14285714285714285,0.7142857142857143,3,0,11,24
86,2016-11-25,40.050000000000004,2,2,2,0.5,0.5,4,0,11,25
86,2016-11-26,35.28,2,2,2,0.0,1.0,5,1,11,26
86,2016-11-27,66.49999999999999,3,2,2,0.6666666666666666,0.3333333333333333,6,1,11,27
86,2016-11-28,40.989999999999995,2,2,2,0.5,0.5,0,0,11,28
86,2016-11-29,31.18,1,1,1,0.0,1.0,1,0,11,29
86,2016-11-30,79.46000000000001,2,1,1,1.0,0.0,2,0,11,30
86,2016-12-01,67.91,3,2,2,0.6666666666666666,0.3333333333333333,3,0,12,1
86,2016-12-02,37.17999999999999,8,3,3,0.125,0.875,4,0,12,2
86,2016-12-03,39.36,1,1,1,1.0,0.0,5,1,12,3
86,2016-12-04,37.6,1,1,1,1.0,0.0,6,1,12,4
86,2016-12-05,40.940000000000005,2,2,2,0.5,0.5,0,0,12,5
86,2016-12-06,41.6,2,2,2,0.5,0.5,1,0,12,6
86,2016-12-08,144.81,4,4,4,0.25,0.75,3,0,12,8
86,2016-12-09,112.21,6,4,4,0.3333333333333333,0.6666666666666666,4,0,12,9
86,2016-12-10,40.25,2,2,2,0.5,0.5,5,1,12,10
86,2016-12-11,49.01,3,2,2,0.6666666666666666,0.3333333333333333,6,1,12,11
86,2016-12-12,22.95,1,1,1,1.0,0.0,0,0,12,12
86,2016-12-13,149.99,3,3,3,0.6666666666666666,0.3333333333333333,1,0,12,13
86,2016-12-14,71.35,3,2,2,0.6666666666666666,0.3333333333333333,2,0,12,14
86,2016-12-15,124.6,5,3,3,0.6,0.4,3,0,12,15
86,2016-12-16,37.43,1,1,1,1.0,0.0,4,0,12,16
86,2016-12-17,171.92999999999998,2,2,2,0.0,1.0,5,1,12,17
86,2016-12-18,92.28999999999999,3,3,3,0.6666666666666666,0.3333333333333333,6,1,12,18
86,2016-12-19,42.72,2,2,2,0.5,0.5,0,0,12,19
86,2016-12-20,85.91,3,3,3,0.3333333333333333,0.3333333333333333,1,0,12,20
86,2016-12-21,30.98,1,1,1,1.0,0.0,2,0,12,21
86,2016-12-22,71.72,3,2,2,0.6666666666666666,0.3333333333333333,3,0,12,22
86,2016-12-23,38.28,2,2,2,0.5,0.5,4,0,12,23
86,2016-12-24,118.35,3,3,3,0.0,1.0,5,1,12,24
86,2016-12-25,80.88,2,2,2,0.5,0.5,6,1,12,25
86,2016-12-26,186.85,4,4,4,0.25,0.75,0,0,12,26
86,2016-12-27,46.760000000000005,5,3,3,0.2,0.8,1,0,12,27
86,2016-12-28,130.56,4,3,3,0.5,0.5,2,0,12,28
86,2016-12-29,130.62,4,4,4,0.25,0.5,3,0,12,29
86,2016-12-30,39.64,1,1,1,1.0,0.0,4,0,12,30
86,2017-01-01,201.68,5,4,4,0.4,0.6,6,1,1,1
86,2017-01-02,34.66000000000001,5,3,3,0.2,0.8,0,0,1,2
86,2017-01-03,42.76,1,1,1,1.0,0.0,1,0,1,3
86,2017-01-04,54.08,3,3,3,0.3333333333333333,0.6666666666666666,2,0,1,4
86,2017-01-05,23.73,2,2,2,0.5,0.5,3,0,1,5
86,2017-01-06,191.66,4,4,4,0.25,0.75,4,0,1,6
86,2017-01-07,34.66,5,3,3,0.2,0.8,5,1,1,7
86,2017-01-08,115.69,3,3,3,0.3333333333333333,0.6666666666666666,6,1,1,8
86,2017-01-09,28.56,1,1,1,1.0,0.0,0,0,1,9
86,2017-01-10,104.88,3,3,3,0.3333333333333333,0.6666666666666666,1,0,1,10
86,2017-01-11,46.39,3,3,3,0.3333333333333333,0.6666666666666666,2,0,1,11
86,2017-01-12,36.970000000000006,8,3,3,0.125,0.875,3,0,1,12
86,2017-01-13,69.55,3,2,2,0.6666666666666666,0.3333333333333333,4,0,1,13
86,2017-01-14,37.29,2,2,2,0.5,0.5,5,1,1,14
86,2017-01-15,57.22,2,2,2,0.5,0.5,6,1,1,15
86,2017-01-16,140.39000000000001,3,3,3,0.3333333333333333,0.6666666666666666,0,0,1,16
86,2017-01-17,78.3,3,2,2,0.6666666666666666,0.3333333333333333,1,0,1,17
86,2017-01-18,30.6,1,1,1,1.0,0.0,2,0,1,18
86,2017-01-19,92.7,3,3,3,0.3333333333333333,0.6666666666666666,3,0,1,19
86,2017-01-20,66.67999999999999,3,2,2,0.6666666666666666,0.3333333333333333,4,0,1,20
86,2017-01-21,39.89,2,2,2,0.5,0.5,5,1,1,21
86,2017-01-22,89.01,1,1,1,0.0,1.0,6,1,1,22
86,2017-01-23,32.44,1,1,1,1.0,0.0,0,0,1,23
86,2017-01-24,103.63,4,3,3,0.5,0.5,1,0,1,24
86,2017-01-25,110.56,3,3,3,0.0,1.0,2,0,1,25
86,2017-01-26,48.68,2,2,2,0.5,0.5,3,0,1,26
86,2017-01-27,33.05,2,2,2,0.5,0.5,4,0,1,27
86,2017-01-28,171.38,5,5,5,0.4,0.6,5,1,1,28
86,2017-01-29,118.85,6,4,4,0.16666666666666666,0.8333333333333334,6,1,1,29
86,2017-01-31,82.53,3,3,3,0.3333333333333333,0.6666666666666666,1,0,1,31
86,2017-02-01,22.64,1,1,1,1.0,0.0,2,0,2,1
86,2017-02-02,37.01,2,2,2,0.5,0.5,3,0,2,2
86,2017-02-03,55.18,3,3,3,0.3333333333333333,0.6666666666666666,4,0,2,3
86,2017-02-04,73.84,3,3,3,0.6666666666666666,0.3333333333333333,5,1,2,4
86,2017-02-05,3.96,1,1,1,0.0,1.0,6,1,2,5
86,2017-02-06,77.47999999999999,3,2,2,0.0,1.0,0,0,2,6
86,2017-02-07,76.15,2,2,2,0.5,0.5,1,0,2,7
86,2017-02-08,42.6,1,1,1,1.0,0.0,2,0,2,8
86,2017-02-09,111.77,5,3,3,0.2,0.8,3,0,2,9
86,2017-02-10,77.66999999999999,6,5,6,0.16666666666666666,0.8333333333333334,4,0,2,10
86,2017-02-11,41.050000000000004,2,2,2,0.5,0.5,5,1,2,11
86,2017-02-12,4.21,1,1,1,0.0,1.0,6,1,2,12
86,2017-02-13,65.49,2,2,2,0.0,1.0,0,0,2,13
86,2017-02-14,112.15,4,3,3,0.0,1.0,1,0,2,14
86,2017-02-15,41.559999999999995,2,2,2,0.5,0.5,2,0,2,15
86,2017-02-16,33.76,1,1,1,1.0,0.0,3,0,2,16
86,2017-02-17,224.99,4,4,4,0.25,0.75,4,0,2,17
86,2017-02-18,75.84,2,1,1,1.0,0.0,5,1,2,18
86,2017-02-19,57.53,2,2,2,0.5,0.5,6,1,2,19
86,2017-02-20,22.84,1,1,1,1.0,0.0,0,0,2,20
86,2017-02-21,177.11,3,3,3,0.3333333333333333,0.6666666666666666,1,0,2,21
86,2017-02-22,88.10000000000001,6,4,4,0.16666666666666666,0.8333333333333334,2,0,2,22
86,2017-02-23,117.22,2,2,2,0.5,0.5,3,0,2,23
86,2017-02-24,191.76999999999998,4,4,4,0.25,0.75,4,0,2,24
86,2017-02-25,36.74,5,3,3,0.2,0.8,5,1,2,25
86,2017-02-26,64.28,4,3,3,0.5,0.5,6,1,2,26
86,2017-02-27,39.14,1,1,1,1.0,0.0,0,0,2,27
86,2017-02-28,116.22999999999999,4,4,4,0.5,0.5,1,0,2,28
86,2017-03-01,27.990000000000002,2,2,2,0.5,0.5,2,0,3,1
86,2017-03-02,48.809999999999995,2,2,2,0.5,0.5,3,0,3,2
86,2017-03-03,57.650000000000006,3,3,3,0.3333333333333333,0.6666666666666666,4,0,3,3
86,2017-03-04,58.989999999999995,3,2,2,0.6666666666666666,0.3333333333333333,5,1,3,4
86,2017-03-05,135.05,3,3,3,0.3333333333333333,0.6666666666666666,6,1,3,5
86,2017-03-06,30.91,2,2,2,0.5,0.5,0,0,3,6
86,2017-03-07,29.16,2,2,2,0.5,0.5,1,0,3,7
86,2017-03-08,36.33,1,1,1,1.0,0.0,2,0,3,8
86,2017-03-09,35.68,1,1,1,1.0,0.0,3,0,3,9
86,2017-03-10,85.82,3,2,2,0.6666666666666666,0.3333333333333333,4,0,3,10
86,2017-03-11,38.02,3,3,3,0.3333333333333333,0.6666666666666666,5,1,3,11
86,2017-03-13,31.46,1,1,1,1.0,0.0,0,0,3,13
86,2017-03-14,134.14,2,2,2,0.5,0.5,1,0,3,14
86,2017-03-15,42.68,2,2,2,0.5,0.5,2,0,3,15
86,2017-03-16,39.92,2,2,2,0.5,0.5,3,0,3,16
86,2017-03-17,55.05,4,4,4,0.25,0.75,4,0,3,17
86,2017-03-18,79.34,3,3,3,0.3333333333333333,0.6666666666666666,5,1,3,18
86,2017-03-19,204.69,4,3,3,0.5,0.5,6,1,3,19
86,2017-03-21,168.11,3,3,3,0.6666666666666666,0.3333333333333333,1,0,3,21
86,2017-03-22,140.12,4,4,4,0.5,0.5,2,0,3,22
86,2017-03-23,61.53,5,5,5,0.2,0.8,3,0,3,23
86,2017-03-24,34.47,3,3,3,0.3333333333333333,0.6666666666666666,4,0,3,24
86,2017-03-25,77.08000000000001,2,2,2,0.5,0.5,5,1,3,25
86,2017-03-27,40.39,1,1,1,1.0,0.0,0,0,3,27
86,2017-03-28,164.41,5,5,5,0.4,0.6,1,0,3,28
86,2017-03-29,28.59,2,2,2,0.5,0.5,2,0,3,29
86,2017-03-30,86.17,4,3,3,0.5,0.5,3,0,3,30
86,2017-03-31,162.03,3,2,2,0.6666666666666666,0.3333333333333333,4,0,3,31
86,2017-04-01,68.34,5,2,2,0.4,0.6,5,1,4,1
86,2017-04-02,40.68,1,1,1,1.0,0.0,6,1,4,2
86,2017-04-03,26.57,1,1,1,1.0,0.0,0,0,4,3
86,2017-04-04,42.97,3,3,3,0.3333333333333333,0.6666666666666666,1,0,4,4
86,2017-04-05,39.51,2,2,2,0.5,0.5,2,0,4,5
86,2017-04-06,88.19999999999999,4,4,4,0.25,0.75,3,0,4,6
86,2017-04-07,56.72,3,3,3,0.3333333333333333,0.6666666666666666,4,0,4,7
86,2017-04-08,296.53999999999996,5,4,4,0.2,0.8,5,1,4,8
86,2017-04-09,137.06,4,4,4,0.25,0.75,6,1,4,9
86,2017-04-11,39.660000000000004,2,2,2,0.5,0.5,1,0,4,11
86,2017-04-12,61.16,4,4,4,0.25,0.75,2,0,4,12
86,2017-04-13,79.34,3,2,2,0.6666666666666666,0.3333333333333333,3,0,4,13
86,2017-04-14,44.35,1,1,1,1.0,0.0,4,0,4,14
86,2017-04-15,92.51,4,3,3,0.5,0.5,5,1,4,15
86,2017-04-16,56.98,3,2,2,0.6666666666666666,0.3333333333333333,6,1,4,16
86,2017-04-17,33.28,1,1,1,1.0,0.0,0,0,4,17
86,2017-04-18,36.45,2,2,2,0.5,0.5,1,0,4,18
86,2017-04-19,45.67,2,2,2,0.5,0.5,2,0,4,19
86,2017-04-20,54.1,3,3,3,0.3333333333333333,0.6666666666666666,3,0,4,20
86,2017-04-21,33.67,4,2,2,0.25,0.75,4,0,4,21
86,2017-04-22,31.76,1,1,1,1.0,0.0,5,1,4,22
86,2017-04-23,61.45,2,1,1,1.0,0.0,6,1,4,23
86,2017-04-24,122.18,2,2,2,0.5,0.5,0,0,4,24
86,2017-04-25,65.03999999999999,2,2,2,0.5,0.5,1,0,4,25
86,2017-04-26,140.26,3,3,3,0.6666666666666666,0.3333333333333333,2,0,4,26
86,2017-04-27,5.97,1,1,1,0.0,1.0,3,0,4,27
86,2017-04-28,41.949999999999996,4,2,2,0.25,0.75,4,0,4,28
86,2017-04-29,77.02,5,3,3,0.4,0.6,5,1,4,29
86,2017-04-30,3.0,1,1,1,0.0,1.0,6,1,4,30
86,2017-05-01,40.68,2,2,2,0.5,0.5,0,0,5,1
86,2017-05-02,28.55,2,2,2,0.5,0.5,1,0,5,2
86,2017-05-03,67.66,3,3,3,0.3333333333333333,0.6666666666666666,2,0,5,3
86,2017-05-04,135.49,2,2,2,0.5,0.5,3,0,5,4
86,2017-05-05,92.39,2,2,2,0.5,0.5,4,0,5,5
86,2017-05-06,143.88,2,2,2,1.0,0.0,5,1,5,6
86,2017-05-07,118.58,3,2,2,0.6666666666666666,0.3333333333333333,6,1,5,7
86,2017-05-08,31.84,2,2,2,0.5,0.5,0,0,5,8
86,2017-05-09,96.21000000000001,2,2,2,0.5,0.5,1,0,5,9
86,2017-05-10,32.39,1,1,1,1.0,0.0,2,0,5,10
86,2017-05-11,201.95999999999998,3,3,3,0.6666666666666666,0.3333333333333333,3,0,5,11
86,2017-05-12,249.58,5,4,4,0.4,0.6,4,0,5,12
86,2017-05-13,130.76,5,4,4,0.6,0.4,5,1,5,13
86,2017-05-14,4.93,1,1,1,0.0,1.0,6,1,5,14
86,2017-05-15,62.7,2,2,2,0.5,0.5,0,0,5,15
86,2017-05-16,69.1,6,4,4,0.16666666666666666,0.8333333333333334,1,0,5,16
86,2017-05-17,39.96,1,1,1,1.0,0.0,2,0,5,17
86,2017-05-18,42.49,2,2,2,0.5,0.5,3,0,5,18
86,2017-05-19,31.97,1,1,1,1.0,0.0,4,0,5,19
86,2017-05-20,43.339999999999996,3,3,3,0.3333333333333333,0.6666666666666666,5,1,5,20
86,2017-05-21,52.290000000000006,2,1,1,1.0,0.0,6,1,5,21
86,2017-05-22,245.49,5,4,4,0.6,0.4,0,0,5,22
86,2017-05-23,159.88,3,3,3,0.3333333333333333,0.6666666666666666,1,0,5,23
86,2017-05-24,143.22,3,3,3,0.6666666666666666,0.3333333333333333,2,0,5,24
86,2017-05-25,208.10999999999999,5,4,4,0.4,0.6,3,0,5,25
86,2017-05-26,167.97,5,4,4,0.4,0.6,4,0,5,26
86,2017-05-27,50.24,1,1,1,1.0,0.0,5,1,5,27
86,2017-05-28,56.989999999999995,2,2,2,0.5,0.5,6,1,5,28
86,2017-05-29,194.38,4,3,3,0.5,0.5,0,0,5,29
86,2017-05-30,26.98,1,1,1,1.0,0.0,1,0,5,30
86,2017-05-31,115.62,3,3,3,0.3333333333333333,0.6666666666666666,2,0,5,31
86,2017-06-01,238.82,3,2,2,0.6666666666666666,0.3333333333333333,3,0,6,1
86,2017-06-02,83.03,3,2,2,0.6666666666666666,0.3333333333333333,4,0,6,2
86,2017-06-03,35.59,1,1,1,1.0,0.0,5,1,6,3
86,2017-06-04,66.09,2,1,1,1.0,0.0,6,1,6,4
86,2017-06-05,55.260000000000005,2,1,1,1.0,0.0,0,0,6,5
86,2017-06-06,42.72,1,1,1,1.0,0.0,1,0,6,6
86,2017-06-07,63.06,3,3,3,0.3333333333333333,0.6666666666666666,2,0,6,7
86,2017-06-08,118.27,2,2,2,1.0,0.0,3,0,6,8
86,2017-06-09,37.82,2,2,2,0.5,0.5,4,0,6,9
86,2017-06-10,73.96000000000001,2,1,1,1.0,0.0,5,1,6,10
86,2017-06-11,140.6,2,2,2,0.5,0.5,6,1,6,11
86,2017-06-12,44.739999999999995,2,2,2,0.5,0.5,0,0,6,12
86,2017-06-13,60.59,2,2,2,0.5,0.0,1,0,6,13
86,2017-06-14,218.05,4,4,4,0.5,0.5,2,0,6,14
86,2017-06-15,73.78999999999999,4,3,3,0.5,0.5,3,0,6,15
86,2017-06-16,-35.45999999999998,3,2,2,0.3333333333333333,0.3333333333333333,4,0,6,16
86,2017-06-17,280.96000000000004,5,4,5,0.4,0.6,5,1,6,17
86,2017-06-18,126.43,3,3,3,0.3333333333333333,0.6666666666666666,6,1,6,18
86,2017-06-19,152.01,6,3,3,0.3333333333333333,0.6666666666666666,0,0,6,19
86,2017-06-20,27.75,1,1,1,1.0,0.0,1,0,6,20
86,2017-06-21,34.03,2,2,2,0.5,0.5,2,0,6,21
86,2017-06-22,148.19,3,3,3,0.3333333333333333,0.6666666666666666,3,0,6,22
86,2017-06-23,134.51,2,2,2,0.5,0.5,4,0,6,23
86,2017-06-24,67.81,2,2,2,0.5,0.5,5,1,6,24
86,2017-06-25,149.28,3,3,3,0.3333333333333333,0.6666666666666666,6,1,6,25
86,2017-06-26,108.6,1,1,1,1.0,0.0,0,0,6,26
86,2017-06-27,55.31,3,3,3,0.3333333333333333,0.6666666666666666,1,0,6,27
86,2017-06-28,51.06999999999999,2,2,2,0.5,0.5,2,0,6,28
86,2017-06-29,207.92000000000002,2,2,2,0.0,1.0,3,0,6,29
86,2017-06-30,126.33000000000001,3,3,3,0.3333333333333333,0.6666666666666666,4,0,6,30
86,2017-07-01,75.62,5,3,3,0.4,0.6,5,1,7,1
86,2017-07-02,180.27,6,3,3,0.16666666666666666,0.8333333333333334,6,1,7,2
86,2017-07-03,197.69,4,4,4,0.5,0.5,0,0,7,3
86,2017-07-04,50.42,4,4,4,0.25,0.75,1,0,7,4
86,2017-07-05,308.56,11,8,8,0.18181818181818182,0.8181818181818182,2,0,7,5
86,2017-07-06,28.08,1,1,1,1.0,0.0,3,0,7,6
86,2017-07-07,261.31,4,3,3,0.5,0.5,4,0,7,7
86,2017-07-08,157.44,2,2,2,0.5,0.5,5,1,7,8
86,2017-07-09,72.16,6,4,4,0.16666666666666666,0.8333333333333334,6,1,7,9
86,2017-07-11,77.73,5,3,3,0.4,0.6,1,0,7,11
86,2017-07-12,58.879999999999995,2,2,2,0.5,0.5,2,0,7,12
86,2017-07-13,120.44,3,3,3,0.3333333333333333,0.6666666666666666,3,0,7,13
86,2017-07-14,37.72,1,1,1,1.0,0.0,4,0,7,14
86,2017-07-15,297.52,5,4,4,0.4,0.6,5,1,7,15
86,2017-07-16,73.62,2,2,2,0.5,0.5,6,1,7,16
86,2017-07-17,191.32,3,2,2,0.6666666666666666,0.3333333333333333,0,0,7,17
86,2017-07-18,120.10000000000001,5,4,4,0.4,0.6,1,0,7,18
86,2017-07-19,65.62,3,3,3,0.3333333333333333,0.3333333333333333,2,0,7,19
86,2017-07-20,55.83,5,3,3,0.2,0.8,3,0,7,20
86,2017-07-21,41.05,1,1,1,1.0,0.0,4,0,7,21
86,2017-07-22,77.77,4,4,4,0.25,0.75,5,1,7,22
86,2017-07-23,141.62,4,4,4,0.25,0.75,6,1,7,23
86,2017-07-24,34.07,4,2,2,0.25,0.75,0,0,7,24
86,2017-07-25,124.87,3,3,3,0.3333333333333333,0.6666666666666666,1,0,7,25
86,2017-07-26,46.56,2,2,2,0.5,0.5,2,0,7,26
86,2017-07-27,-1.8199999999999932,8,4,4,0.25,0.75,3,0,7,27
86,2017-07-28,43.79,2,2,2,0.5,0.5,4,0,7,28
86,2017-07-29,51.489999999999995,3,3,3,0.3333333333333333,0.6666666666666666,5,1,7,29
86,2017-07-30,28.59,1,1,1,1.0,0.0,6,1,7,30
86,2017-08-01,32.56,1,1,1,1.0,0.0,1,0,8,1
86,2017-08-02,77.48,3,2,2,0.6666666666666666,0.3333333333333333,2,0,8,2
86,2017-08-03,90.23,4,3,3,0.25,0.75,3,0,8,3
86,2017-08-04,46.16,2,2,2,0.5,0.5,4,0,8,4
86,2017-08-05,39.56,2,2,2,0.5,0.5,5,1,8,5
86,2017-08-06,295.4,5,5,5,0.6,0.4,6,1,8,6
86,2017-08-07,138.94,3,3,3,0.0,1.0,0,0,8,7
86,2017-08-08,41.02,1,1,1,1.0,0.0,1,0,8,8
86,2017-08-09,111.88,2,2,2,0.5,0.5,2,0,8,9
86,2017-08-10,29.8,2,2,2,0.5,0.5,3,0,8,10
86,2017-08-11,129.7,6,6,6,0.16666666666666666,0.8333333333333334,4,0,8,11
86,2017-08-12,135.88,4,3,4,0.25,0.75,5,1,8,12
86,2017-08-13,65.12,2,2,2,0.5,0.5,6,1,8,13
86,2017-08-14,116.66,3,3,3,0.3333333333333333,0.6666666666666666,0,0,8,14
86,2017-08-15,53.48,1,1,1,1.0,0.0,1,0,8,15
86,2017-08-16,38.27,2,2,2,0.5,0.5,2,0,8,16
86,2017-08-17,47.1,3,3,3,0.3333333333333333,0.6666666666666666,3,0,8,17
86,2017-08-18,189.20999999999998,3,3,3,0.3333333333333333,0.6666666666666666,4,0,8,18
86,2017-08-19,29.23,1,1,1,1.0,0.0,5,1,8,19
86,2017-08-21,169.39,3,2,2,1.0,0.0,0,0,8,21
86,2017-08-22,117.47,3,3,3,0.3333333333333333,0.6666666666666666,1,0,8,22
86,2017-08-23,147.06,3,3,3,0.3333333333333333,0.6666666666666666,2,0,8,23
86,2017-08-24,48.019999999999996,2,2,2,0.5,0.5,3,0,8,24
86,2017-08-25,31.95,1,1,1,1.0,0.0,4,0,8,25
86,2017-08-26,66.8,3,2,2,0.6666666666666666,0.3333333333333333,5,1,8,26
86,2017-08-27,110.35,1,1,1,0.0,1.0,6,1,8,27
86,2017-08-28,130.93,3,2,2,0.3333333333333333,0.6666666666666666,0,0,8,28
86,2017-08-29,48.62,3,3,3,0.3333333333333333,0.6666666666666666,1,0,8,29
86,2017-08-30,43.11,2,2,2,0.5,0.5,2,0,8,30
86,2017-08-31,134.55,3,3,3,0.3333333333333333,0.6666666666666666,3,0,8,31
86,2017-09-01,49.440000000000005,3,3,3,0.3333333333333333,0.6666666666666666,4,0,9,1
86,2017-09-02,69.08,2,2,2,0.5,0.5,5,1,9,2
86,2017-09-03,46.69,1,1,1,1.0,0.0,6,1,9,3
86,2017-09-04,48.050000000000004,5,3,3,0.0,1.0,0,0,9,4
86,2017-09-05,39.71,2,2,2,0.5,0.5,1,0,9,5
86,2017-09-06,95.94,6,5,6,0.16666666666666666,0.8333333333333334,2,0,9,6
86,2017-09-07,220.46,4,2,2,0.75,0.25,3,0,9,7
86,2017-09-08,4.36,1,1,1,0.0,1.0,4,0,9,8
86,2017-09-09,43.690000000000005,3,3,3,0.3333333333333333,0.6666666666666666,5,1,9,9
86,2017-09-11,43.93,2,2,2,0.0,1.0,0,0,9,11
86,2017-09-12,143.68,3,3,3,0.3333333333333333,0.6666666666666666,1,0,9,12
86,2017-09-13,42.97,3,3,3,0.3333333333333333,0.6666666666666666,2,0,9,13
86,2017-09-14,29.950000000000003,4,4,4,0.25,0.75,3,0,9,14
86,2017-09-15,63.36,2,2,2,0.5,0.5,4,0,9,15
86,2017-09-16,32.44,5,3,3,0.2,0.8,5,1,9,16
86,2017-09-17,40.129999999999995,4,2,2,0.0,1.0,6,1,9,17
86,2017-09-18,30.44,2,2,2,0.0,1.0,0,0,9,18
86,2017-09-19,37.52,3,3,3,0.3333333333333333,0.6666666666666666,1,0,9,19
86,2017-09-20,47.52,2,2,2,0.5,0.5,2,0,9,20
86,2017-09-21,81.67,3,2,2,0.6666666666666666,0.3333333333333333,3,0,9,21
86,2017-09-22,39.04,2,2,2,0.5,0.5,4,0,9,22
86,2017-09-23,258.08000000000004,5,3,3,0.6,0.4,5,1,9,23
86,2017-09-24,4.79,1,1,1,0.0,1.0,6,1,9,24
86,2017-09-25,37.309999999999995,2,2,2,0.5,0.5,0,0,9,25
86,2017-09-26,40.84,4,3,3,0.25,0.75,1,0,9,26
86,2017-09-27,68.0,3,3,3,0.3333333333333333,0.6666666666666666,2,0,9,27
86,2017-09-28,75.78999999999999,3,3,3,0.3333333333333333,0.6666666666666666,3,0,9,28
86,2017-09-29,44.47,2,2,2,0.5,0.5,4,0,9,29
86,2017-09-30,96.9,4,3,3,0.5,0.5,5,1,9,30
86,2017-10-01,45.08,2,2,2,0.5,0.5,6,1,10,1
86,2017-10-02,43.75,1,1,1,1.0,0.0,0,0,10,2
86,2017-10-03,58.160000000000004,3,2,2,0.6666666666666666,0.3333333333333333,1,0,10,3
86,2017-10-04,160.57999999999998,4,3,3,0.5,0.5,2,0,10,4
86,2017-10-05,25.47,1,1,1,1.0,0.0,3,0,10,5
86,2017-10-06,82.58,5,3,3,0.2,0.8,4,0,10,6
86,2017-10-07,49.1,5,3,3,0.2,0.8,5,1,10,7
86,2017-10-08,154.12,5,5,5,0.2,0.8,6,1,10,8
86,2017-10-09,34.29,1,1,1,1.0,0.0,0,0,10,9
86,2017-10-10,47.73,3,3,3,0.3333333333333333,0.6666666666666666,1,0,10,10
86,2017-10-11,120.27,3,2,2,0.3333333333333333,0.6666666666666666,2,0,10,11
86,2017-10-12,46.540000000000006,2,2,2,0.5,0.5,3,0,10,12
86,2017-10-13,34.57,1,1,1,1.0,0.0,4,0,10,13
86,2017-10-14,167.25,5,5,5,0.4,0.6,5,1,10,14
86,2017-10-15,93.33,3,3,3,0.3333333333333333,0.6666666666666666,6,1,10,15
86,2017-10-17,195.25,3,3,3,0.6666666666666666,0.3333333333333333,1,0,10,17
86,2017-10-18,40.18,3,3,3,0.3333333333333333,0.6666666666666666,2,0,10,18
86,2017-10-19,0.12,1,1,1,0.0,1.0,3,0,10,19
86,2017-10-20,189.74,3,3,3,0.3333333333333333,0.6666666666666666,4,0,10,20
86,2017-10-21,45.62,3,3,3,0.6666666666666666,0.3333333333333333,5,1,10,21
86,2017-10-22,64.85,3,2,2,0.6666666666666666,0.3333333333333333,6,1,10,22
86,2017-10-23,34.8,2,2,2,0.5,0.5,0,0,10,23
86,2017-10-24,37.18,3,3,3,0.3333333333333333,0.6666666666666666,1,0,10,24
86,2017-10-25,68.63000000000001,6,4,4,0.16666666666666666,0.8333333333333334,2,0,10,25
86,2017-10-26,139.51,3,3,3,0.0,1.0,3,0,10,26
86,2017-10-27,43.06,2,2,2,0.5,0.5,4,0,10,27
86,2017-10-28,132.19,4,4,4,0.25,0.75,5,1,10,28
86,2017-10-29,29.209999999999997,3,3,3,0.3333333333333333,0.6666666666666666,6,1,10,29
86,2017-10-30,60.3,4,3,3,0.25,0.75,0,0,10,30
86,2017-10-31,350.88,5,4,4,0.4,0.6,1,0,10,31
86,2017-11-01,153.49,5,3,3,0.4,0.6,2,0,11,1
86,2017-11-02,120.64000000000001,3,3,3,0.3333333333333333,0.6666666666666666,3,0,11,2
86,2017-11-03,35.19,2,2,2,0.5,0.5,4,0,11,3
86,2017-11-04,92.99,4,4,4,0.25,0.75,5,1,11,4
86,2017-11-05,105.34,4,4,4,0.5,0.5,6,1,11,5
86,2017-11-07,32.37,1,1,1,1.0,0.0,1,0,11,7
86,2017-11-08,42.769999999999996,2,2,2,0.5,0.5,2,0,11,8
86,2017-11-09,139.4,4,3,3,0.25,0.75,3,0,11,9
86,2017-11-10,118.82000000000001,3,3,3,0.6666666666666666,0.3333333333333333,4,0,11,10
86,2017-11-11,164.36999999999998,4,4,4,0.5,0.5,5,1,11,11
86,2017-11-12,227.51,4,4,4,0.25,0.75,6,1,11,12
86,2017-11-13,41.68,1,1,1,1.0,0.0,0,0,11,13
86,2017-11-14,41.68,1,1,1,1.0,0.0,1,0,11,14
86,2017-11-15,106.08,4,4,4,0.25,0.75,2,0,11,15
86,2017-11-16,47.22,2,2,2,0.5,0.5,3,0,11,16
86,2017-11-17,61.78999999999999,3,3,3,0.3333333333333333,0.6666666666666666,4,0,11,17
86,2017-11-18,146.2,2,2,2,0.5,0.5,5,1,11,18
86,2017-11-19,67.19,2,2,2,0.0,1.0,6,1,11,19
86,2017-11-20,95.68,2,2,2,0.5,0.5,0,0,11,20
86,2017-11-21,36.74,2,2,2,0.5,0.5,1,0,11,21
86,2017-11-22,11.32,2,2,2,0.0,1.0,2,0,11,22
86,2017-11-23,13.98,2,1,1,0.0,1.0,3,0,11,23
86,2017-11-24,118.93,3,3,3,0.6666666666666666,0.3333333333333333,4,0,11,24
86,2017-11-25,85.25999999999999,3,2,2,0.6666666666666666,0.3333333333333333,5,1,11,25
86,2017-11-26,70.21000000000001,2,1,1,1.0,0.0,6,1,11,26
86,2017-11-27,29.72,1,1,1,0.0,1.0,0,0,11,27
86,2017-11-28,3.25,1,1,1,0.0,1.0,1,0,11,28
86,2017-11-29,84.78,3,3,3,0.3333333333333333,0.6666666666666666,2,0,11,29
86,2017-11-30,52.08,1,1,1,1.0,0.0,3,0,11,30
86,2017-12-01,53.019999999999996,2,2,2,0.5,0.5,4,0,12,1
86,2017-12-02,40.03,1,1,1,1.0,0.0,5,1,12,2
86,2017-12-03,66.99000000000001,3,3,3,0.3333333333333333,0.6666666666666666,6,1,12,3
86,2017-12-04,37.25,1,1,1,1.0,0.0,0,0,12,4
86,2017-12-05,47.25,2,2,2,0.5,0.5,1,0,12,5
86,2017-12-06,99.7,3,3,3,0.3333333333333333,0.6666666666666666,2,0,12,6
86,2017-12-07,50.57,3,3,3,0.3333333333333333,0.6666666666666666,3,0,12,7
86,2017-12-08,45.03,2,2,2,0.5,0.5,4,0,12,8
86,2017-12-10,37.32,2,2,2,0.0,1.0,6,1,12,10
86,2017-12-11,18.81,1,1,1,1.0,0.0,0,0,12,11
86,2017-12-12,47.65,2,2,2,0.5,0.5,1,0,12,12
86,2017-12-13,37.589999999999996,2,2,2,0.5,0.5,2,0,12,13
86,2017-12-14,31.09,2,2,2,0.5,0.5,3,0,12,14
86,2017-12-15,69.8,3,2,2,0.6666666666666666,0.3333333333333333,4,0,12,15
86,2017-12-16,106.1,3,2,3,0.0,1.0,5,1,12,16
86,2017-12-17,72.49,3,3,3,0.3333333333333333,0.6666666666666666,6,1,12,17
86,2017-12-18,132.23,4,3,3,0.25,0.75,0,0,12,18
86,2017-12-19,53.0,4,3,3,0.25,0.75,1,0,12,19
86,2017-12-20,47.809999999999995,2,2,2,0.5,0.5,2,0,12,20
86,2017-12-21,53.65,2,2,2,0.5,0.5,3,0,12,21
86,2017-12-22,65.43,3,3,3,0.3333333333333333,0.6666666666666666,4,0,12,22
86,2017-12-23,25.739999999999995,5,3,3,0.2,0.8,5,1,12,23
86,2017-12-24,46.93,3,3,3,0.3333333333333333,0.6666666666666666,6,1,12,24
86,2017-12-25,26.48,1,1,1,1.0,0.0,0,0,12,25
86,2017-12-26,31.950000000000003,2,2,2,0.0,1.0,1,0,12,26
86,2017-12-27,110.19,2,2,2,0.5,0.5,2,0,12,27
86,2017-12-28,45.91,2,2,2,0.5,0.5,3,0,12,28
86,2017-12-29,84.14,4,2,2,0.5,0.5,4,0,12,29
86,2017-12-30,64.05,3,3,3,0.6666666666666666,0.3333333333333333,5,1,12,30
86,2017-12-31,83.37,2,2,2,0.0,1.0,6,1,12,31
86,2018-01-01,159.83,4,4,4,0.25,0.75,0,0,1,1
86,2018-01-02,28.68,1,1,1,1.0,0.0,1,0,1,2
86,2018-01-03,85.55,2,2,2,0.0,1.0,2,0,1,3
86,2018-01-04,3.46,1,1,1,0.0,1.0,3,0,1,4
86,2018-01-05,125.94999999999999,3,2,2,1.0,0.0,4,0,1,5
86,2018-01-06,43.36,2,2,2,0.5,0.5,5,1,1,6
86,2018-01-07,39.88,2,2,2,0.5,0.5,6,1,1,7
86,2018-01-08,183.01,4,4,4,0.25,0.75,0,0,1,8
86,2018-01-09,40.0,1,1,1,0.0,1.0,1,0,1,9
86,2018-01-10,64.62,3,3,3,0.3333333333333333,0.6666666666666666,2,0,1,10
86,2018-01-11,28.259999999999998,2,2,2,0.5,0.5,3,0,1,11
86,2018-01-12,127.25,2,2,2,1.0,0.0,4,0,1,12
86,2018-01-13,119.72999999999999,2,2,2,0.5,0.5,5,1,1,13
86,2018-01-14,23.06,1,1,1,1.0,0.0,6,1,1,14
86,2018-01-15,139.35,4,3,4,0.0,1.0,0,0,1,15
86,2018-01-16,48.05,1,1,1,1.0,0.0,1,0,1,16
86,2018-01-17,134.0,2,2,2,0.5,0.5,2,0,1,17
86,2018-01-18,236.51,4,4,4,0.25,0.75,3,0,1,18
86,2018-01-19,139.89,6,4,4,0.5,0.5,4,0,1,19
86,2018-01-20,37.54,1,1,1,1.0,0.0,5,1,1,20
86,2018-01-21,205.6,5,4,4,0.4,0.6,6,1,1,21
86,2018-01-22,76.53,3,3,3,0.6666666666666666,0.3333333333333333,0,0,1,22
86,2018-01-23,88.54,1,1,1,1.0,0.0,1,0,1,23
86,2018-01-24,166.88,2,2,2,1.0,0.0,2,0,1,24
86,2018-01-25,29.15,1,1,1,1.0,0.0,3,0,1,25
86,2018-01-26,55.51,3,3,3,0.3333333333333333,0.6666666666666666,4,0,1,26
86,2018-01-27,151.39,8,6,6,0.125,0.875,5,1,1,27
86,2018-01-28,110.16,2,2,2,0.5,0.5,6,1,1,28
86,2018-01-29,132.77,2,2,2,1.0,0.0,0,0,1,29
86,2018-01-30,163.87,3,3,3,0.3333333333333333,0.6666666666666666,1,0,1,30
86,2018-01-31,209.10999999999999,6,4,4,0.5,0.5,2,0,1,31
86,2018-02-01,59.22,2,1,1,1.0,0.0,3,0,2,1
86,2018-02-02,42.43,1,1,1,1.0,0.0,4,0,2,2
86,2018-02-03,60.599999999999994,2,1,1,1.0,0.0,5,1,2,3
86,2018-02-04,128.84,5,4,4,0.4,0.6,6,1,2,4
86,2018-02-05,50.42,2,2,2,0.5,0.5,0,0,2,5
86,2018-02-06,6.34,1,1,1,0.0,1.0,1,0,2,6
86,2018-02-07,35.97,2,2,2,0.5,0.5,2,0,2,7
86,2018-02-08,49.76,3,2,2,0.3333333333333333,0.6666666666666666,3,0,2,8
86,2018-02-09,101.36,3,3,3,0.3333333333333333,0.6666666666666666,4,0,2,9
86,2018-02-10,38.57,1,1,1,1.0,0.0,5,1,2,10
86,2018-02-11,164.0,4,4,4,0.25,0.75,6,1,2,11
86,2018-02-12,172.94,4,3,4,0.25,0.75,0,0,2,12
86,2018-02-13,30.91,1,1,1,1.0,0.0,1,0,2,13
86,2018-02-14,32.45,1,1,1,1.0,0.0,2,0,2,14
86,2018-02-15,55.52,7,5,5,0.14285714285714285,0.8571428571428571,3,0,2,15
86,2018-02-16,23.380000000000003,2,2,2,0.5,0.5,4,0,2,16
86,2018-02-17,112.25999999999999,3,3,3,0.3333333333333333,0.6666666666666666,5,1,2,17
86,2018-02-18,9.6,2,2,2,0.0,1.0,6,1,2,18
86,2018-02-19,83.61,4,4,4,0.25,0.75,0,0,2,19
86,2018-02-20,3.24,1,1,1,0.0,1.0,1,0,2,20
86,2018-02-21,36.61,1,1,1,1.0,0.0,2,0,2,21
86,2018-02-22,44.81999999999999,3,3,3,0.3333333333333333,0.6666666666666666,3,0,2,22
86,2018-02-23,130.49,4,3,3,0.0,0.75,4,0,2,23
86,2018-02-24,136.63,5,4,5,0.2,0.8,5,1,2,24
86,2018-02-25,184.7,6,3,4,0.6666666666666666,0.3333333333333333,6,1,2,25
86,2018-02-26,37.8,1,1,1,1.0,0.0,0,0,2,26
86,2018-02-27,29.65,1,1,1,1.0,0.0,1,0,2,27
86,2018-02-28,45.54,2,2,2,0.5,0.5,2,0,2,28
86,2018-03-01,32.64,2,2,2,0.5,0.5,3,0,3,1
86,2018-03-02,41.550000000000004,2,2,2,0.5,0.5,4,0,3,2
86,2018-03-03,47.75,5,3,3,0.2,0.8,5,1,3,3
86,2018-03-04,43.78,2,2,2,0.5,0.5,6,1,3,4
86,2018-03-05,162.59,2,2,2,1.0,0.0,0,0,3,5
86,2018-03-06,75.52,2,2,2,0.5,0.0,1,0,3,6
86,2018-03-07,80.24000000000001,2,2,2,0.5,0.5,2,0,3,7
86,2018-03-08,46.67,3,3,3,0.3333333333333333,0.6666666666666666,3,0,3,8
86,2018-03-09,40.14,1,1,1,1.0,0.0,4,0,3,9
86,2018-03-10,43.11,1,1,1,1.0,0.0,5,1,3,10
86,2018-03-11,137.5,4,4,4,0.0,1.0,6,1,3,11
86,2018-03-12,50.51,2,2,2,0.5,0.5,0,0,3,12
86,2018-03-14,59.94,2,2,2,0.5,0.5,2,0,3,14
86,2018-03-15,50.46,2,2,2,0.5,0.5,3,0,3,15
86,2018-03-16,41.16,2,2,2,0.5,0.5,4,0,3,16
86,2018-03-17,225.72,6,5,5,0.3333333333333333,0.6666666666666666,5,1,3,17
86,2018-03-18,76.74000000000001,4,4,4,0.25,0.5,6,1,3,18
86,2018-03-19,30.65,2,2,2,0.5,0.5,0,0,3,19
86,2018-03-20,51.269999999999996,2,2,2,0.5,0.5,1,0,3,20
86,2018-03-22,139.18,3,3,3,0.3333333333333333,0.6666666666666666,3,0,3,22
86,2018-03-23,29.61,2,2,2,0.5,0.5,4,0,3,23
86,2018-03-24,29.76,2,2,2,0.5,0.5,5,1,3,24
86,2018-03-25,37.51,3,3,3,0.0,1.0,6,1,3,25
86,2018-03-26,125.34,4,3,4,0.25,0.75,0,0,3,26
86,2018-03-27,92.21000000000001,2,2,2,0.5,0.5,1,0,3,27
86,2018-03-28,36.98,1,1,1,1.0,0.0,2,0,3,28
86,2018-03-29,91.35,2,2,2,0.5,0.5,3,0,3,29
86,2018-03-30,224.72,4,4,4,0.5,0.5,4,0,3,30
86,2018-03-31,98.33,7,4,4,0.2857142857142857,0.7142857142857143,5,1,3,31
86,2018-04-01,14.020000000000007,5,3,3,0.0,1.0,6,1,4,1
86,2018-04-02,153.26,3,3,3,0.3333333333333333,0.6666666666666666,0,0,4,2
86,2018-04-03,43.63,3,2,3,0.3333333333333333,0.6666666666666666,1,0,4,3
86,2018-04-04,99.51,4,2,2,0.75,0.25,2,0,4,4
86,2018-04-05,50.48,4,3,4,0.25,0.75,3,0,4,5
86,2018-04-06,90.41,3,3,3,0.3333333333333333,0.6666666666666666,4,0,4,6
86,2018-04-07,128.1,2,2,2,0.5,0.5,5,1,4,7
86,2018-04-08,116.87,2,2,2,0.5,0.5,6,1,4,8
86,2018-04-09,106.6,3,3,3,0.3333333333333333,0.6666666666666666,0,0,4,9
86,2018-04-10,62.07000000000001,2,1,1,1.0,0.0,1,0,4,10
86,2018-04-11,45.120000000000005,3,3,3,0.3333333333333333,0.6666666666666666,2,0,4,11
86,2018-04-12,36.89,2,2,2,0.5,0.5,3,0,4,12
86,2018-04-13,36.92,5,3,3,0.0,1.0,4,0,4,13
86,2018-04-14,45.6,2,2,2,0.5,0.5,5,1,4,14
86,2018-04-15,135.44,4,4,4,0.25,0.75,6,1,4,15
86,2018-04-16,37.84,1,1,1,1.0,0.0,0,0,4,16
86,2018-04-17,236.22,5,4,4,0.2,0.8,1,0,4,17
86,2018-04-18,39.919999999999995,2,2,2,0.5,0.5,2,0,4,18
86,2018-04-19,112.09,5,3,4,0.4,0.6,3,0,4,19
86,2018-04-20,35.28,2,2,2,0.5,0.5,4,0,4,20
86,2018-04-21,91.56,3,2,2,0.6666666666666666,0.3333333333333333,5,1,4,21
86,2018-04-22,44.849999999999994,3,3,3,0.3333333333333333,0.6666666666666666,6,1,4,22
86,2018-04-23,40.879999999999995,3,3,3,0.3333333333333333,0.6666666666666666,0,0,4,23
86,2018-04-24,27.7,1,1,1,1.0,0.0,1,0,4,24
86,2018-04-26,39.37,3,3,3,0.3333333333333333,0.6666666666666666,3,0,4,26
86,2018-04-27,178.23,5,5,5,0.2,0.8,4,0,4,27
86,2018-04-28,95.6,3,3,3,0.3333333333333333,0.6666666666666666,5,1,4,28
86,2018-04-29,42.040000000000006,2,2,2,0.5,0.5,6,1,4,29
86,2018-04-30,50.690000000000005,3,2,2,0.6666666666666666,0.3333333333333333,0,0,4,30
86,2018-05-01,28.12,1,1,1,1.0,0.0,1,0,5,1
86,2018-05-02,41.62,1,1,1,1.0,0.0,2,0,5,2
86,2018-05-03,40.0,2,2,2,0.5,0.5,3,0,5,3
86,2018-05-04,60.02,2,2,2,0.5,0.5,4,0,5,4
86,2018-05-05,46.33,2,2,2,0.5,0.5,5,1,5,5
86,2018-05-06,186.54000000000002,5,4,4,0.4,0.6,6,1,5,6
86,2018-05-07,46.5,2,2,2,1.0,0.0,0,0,5,7
86,2018-05-08,105.85,3,2,2,0.6666666666666666,0.3333333333333333,1,0,5,8
86,2018-05-09,183.49999999999997,3,3,3,0.3333333333333333,0.6666666666666666,2,0,5,9
86,2018-05-10,187.0,3,3,3,0.6666666666666666,0.3333333333333333,3,0,5,10
86,2018-05-11,32.660000000000004,2,2,2,0.5,0.5,4,0,5,11
86,2018-05-12,46.17,3,3,3,0.3333333333333333,0.6666666666666666,5,1,5,12
86,2018-05-13,132.57999999999998,4,4,4,0.25,0.5,6,1,5,13
86,2018-05-14,73.77,1,1,1,1.0,0.0,0,0,5,14
86,2018-05-15,27.41,1,1,1,1.0,0.0,1,0,5,15
86,2018-05-16,33.7,1,1,1,1.0,0.0,2,0,5,16
86,2018-05-17,33.52,1,1,1,1.0,0.0,3,0,5,17
86,2018-05-18,43.68,2,2,2,0.5,0.5,4,0,5,18
86,2018-05-19,29.54,2,2,2,0.5,0.5,5,1,5,19
86,2018-05-20,72.96000000000001,3,2,2,0.6666666666666666,0.3333333333333333,6,1,5,20
86,2018-05-21,37.8,2,2,2,0.5,0.5,0,0,5,21
86,2018-05-22,58.06,3,3,3,0.3333333333333333,0.6666666666666666,1,0,5,22
86,2018-05-23,37.209999999999994,2,2,2,0.5,0.5,2,0,5,23
86,2018-05-24,32.54,2,2,2,0.5,0.5,3,0,5,24
86,2018-05-25,23.9,1,1,1,1.0,0.0,4,0,5,25
86,2018-05-26,36.11,1,1,1,1.0,0.0,5,1,5,26
86,2018-05-27,39.94,3,3,3,0.3333333333333333,0.6666666666666666,6,1,5,27
86,2018-05-28,26.38,2,2,2,0.0,1.0,0,0,5,28
86,2018-05-29,83.45,7,5,5,0.14285714285714285,0.8571428571428571,1,0,5,29
86,2018-05-30,38.300000000000004,2,2,2,0.5,0.5,2,0,5,30
86,2018-05-31,73.17,7,4,4,0.2857142857142857,0.7142857142857143,3,0,5,31
86,2018-06-01,40.769999999999996,2,2,2,0.5,0.5,4,0,6,1
86,2018-06-02,46.13,3,3,3,0.3333333333333333,0.6666666666666666,5,1,6,2
86,2018-06-03,31.439999999999998,6,4,4,0.16666666666666666,0.8333333333333334,6,1,6,3
86,2018-06-04,78.50999999999999,2,2,2,0.5,0.5,0,0,6,4
86,2018-06-06,50.400000000000006,3,3,3,0.3333333333333333,0.6666666666666666,2,0,6,6
86,2018-06-07,42.82,1,1,1,0.0,1.0,3,0,6,7
86,2018-06-08,44.129999999999995,2,2,2,0.5,0.5,4,0,6,8
86,2018-06-09,32.21,1,1,1,1.0,0.0,5,1,6,9
86,2018-06-10,190.49,3,3,3,0.3333333333333333,0.6666666666666666,6,1,6,10
86,2018-06-11,77.66,2,2,2,0.5,0.5,0,0,6,11
86,2018-06-12,78.31,2,2,2,0.5,0.5,1,0,6,12
86,2018-06-13,220.15,5,4,4,0.4,0.6,2,0,6,13
86,2018-06-14,43.8,3,3,3,0.3333333333333333,0.6666666666666666,3,0,6,14
86,2018-06-15,101.17,3,3,3,0.3333333333333333,0.6666666666666666,4,0,6,15
86,2018-06-16,70.01,3,3,3,0.3333333333333333,0.6666666666666666,5,1,6,16
86,2018-06-17,38.32,2,2,2,0.5,0.5,6,1,6,17
86,2018-06-18,58.3,2,1,1,1.0,0.0,0,0,6,18
86,2018-06-19,77.43,2,2,2,0.5,0.5,1,0,6,19
86,2018-06-20,4.73,1,1,1,0.0,1.0,2,0,6,20
86,2018-06-21,39.34,2,2,2,0.5,0.5,3,0,6,21
86,2018-06-22,43.74000000000001,5,3,3,0.2,0.8,4,0,6,22
86,2018-06-23,37.45,5,2,2,0.2,0.8,5,1,6,23
86,2018-06-24,112.97999999999999,2,2,2,0.5,0.5,6,1,6,24
86,2018-06-25,33.75,1,1,1,1.0,0.0,0,0,6,25
86,2018-06-26,166.17000000000002,3,3,3,0.3333333333333333,0.3333333333333333,1,0,6,26
86,2018-06-27,70.3,3,2,2,0.6666666666666666,0.3333333333333333,2,0,6,27
86,2018-06-28,235.7,4,4,4,0.25,0.75,3,0,6,28
86,2018-06-29,421.91999999999996,10,7,7,0.3,0.6,4,0,6,29
86,2018-06-30,69.27,2,2,2,0.5,0.5,5,1,6,30
86,2018-07-01,34.06,1,1,1,1.0,0.0,6,1,7,1
86,2018-07-02,71.13,3,2,2,0.6666666666666666,0.3333333333333333,0,0,7,2
86,2018-07-03,147.26000000000002,3,3,3,0.3333333333333333,0.6666666666666666,1,0,7,3
86,2018-07-04,43.169999999999995,2,2,2,0.5,0.5,2,0,7,4
86,2018-07-05,40.33,2,2,2,0.5,0.5,3,0,7,5
86,2018-07-06,132.67000000000002,2,2,2,0.5,0.5,4,0,7,6
86,2018-07-07,53.589999999999996,2,2,2,0.5,0.5,5,1,7,7
86,2018-07-08,72.94,2,1,1,1.0,0.0,6,1,7,8
86,2018-07-09,39.51,1,1,1,1.0,0.0,0,0,7,9
86,2018-07-10,107.06,2,2,2,0.5,0.5,1,0,7,10
86,2018-07-11,46.17,5,3,3,0.2,0.8,2,0,7,11
86,2018-07-12,38.300000000000004,2,2,2,0.5,0.5,3,0,7,12
86,2018-07-13,46.550000000000004,3,2,2,0.3333333333333333,0.6666666666666666,4,0,7,13
86,2018-07-14,33.66,1,1,1,1.0,0.0,5,1,7,14
86,2018-07-15,36.03,2,2,2,0.5,0.5,6,1,7,15
86,2018-07-16,513.72,3,3,3,0.3333333333333333,0.6666666666666666,0,0,7,16
86,2018-07-17,85.02,8,3,3,0.0,1.0,1,0,7,17
86,2018-07-18,169.07999999999998,4,4,4,0.25,0.75,2,0,7,18
86,2018-07-19,40.11,2,2,2,0.5,0.5,3,0,7,19
86,2018-07-20,141.01,3,3,3,0.3333333333333333,0.6666666666666666,4,0,7,20
86,2018-07-21,123.39999999999999,2,2,2,1.0,0.0,5,1,7,21
86,2018-07-22,79.23,2,2,2,0.5,0.5,6,1,7,22
86,2018-07-23,97.55999999999999,2,2,2,0.0,1.0,0,0,7,23
86,2018-07-24,16.8,1,1,1,1.0,0.0,1,0,7,24
86,2018-07-25,57.48,3,2,2,0.3333333333333333,0.6666666666666666,2,0,7,25
86,2018-07-26,58.5,4,3,3,0.5,0.5,3,0,7,26
86,2018-07-27,203.19,3,2,2,0.6666666666666666,0.3333333333333333,4,0,7,27
86,2018-07-28,162.79,4,4,4,0.25,0.75,5,1,7,28
86,2018-07-29,48.34,3,2,3,0.3333333333333333,0.6666666666666666,6,1,7,29
86,2018-07-30,58.120000000000005,2,2,2,0.5,0.5,0,0,7,30
86,2018-07-31,89.78999999999999,2,2,2,0.5,0.5,1,0,7,31
86,2018-08-01,129.13,3,3,3,0.3333333333333333,0.6666666666666666,2,0,8,1
86,2018-08-02,27.27,2,2,2,0.5,0.5,3,0,8,2
86,2018-08-03,73.52000000000001,2,2,2,0.5,0.5,4,0,8,3
86,2018-08-04,43.4,4,2,2,0.25,0.75,5,1,8,4
86,2018-08-05,34.33,1,1,1,1.0,0.0,6,1,8,5
86,2018-08-06,159.04000000000002,5,3,3,0.2,0.8,0,0,8,6
86,2018-08-07,120.66,6,4,4,0.0,0.3333333333333333,1,0,8,7
86,2018-08-08,106.09,4,4,4,0.25,0.75,2,0,8,8
86,2018-08-09,174.3,5,3,4,0.2,0.8,3,0,8,9
86,2018-08-10,130.13,4,4,4,0.0,1.0,4,0,8,10
86,2018-08-11,37.699999999999996,2,2,2,0.5,0.5,5,1,8,11
86,2018-08-12,311.27,5,4,4,0.4,0.6,6,1,8,12
86,2018-08-13,30.14,1,1,1,1.0,0.0,0,0,8,13
86,2018-08-14,169.62,4,3,4,0.25,0.75,1,0,8,14
86,2018-08-15,96.12,3,3,3,0.3333333333333333,0.6666666666666666,2,0,8,15
86,2018-08-16,117.85,4,3,3,0.5,0.5,3,0,8,16
86,2018-08-17,55.800000000000004,3,3,3,0.3333333333333333,0.6666666666666666,4,0,8,17
86,2018-08-18,34.51,1,1,1,1.0,0.0,5,1,8,18
86,2018-08-19,88.3,7,3,3,0.2857142857142857,0.7142857142857143,6,1,8,19
86,2018-08-21,50.37,2,2,2,0.5,0.5,1,0,8,21
86,2018-08-22,148.41,4,4,4,0.25,0.75,2,0,8,22
86,2018-08-23,33.06,5,3,3,0.2,0.8,3,0,8,23
86,2018-08-24,30.64,1,1,1,1.0,0.0,4,0,8,24
86,2018-08-25,137.72,3,3,3,0.3333333333333333,0.6666666666666666,5,1,8,25
86,2018-08-26,54.08,3,2,3,0.3333333333333333,0.6666666666666666,6,1,8,26
86,2018-08-27,21.06,1,1,1,0.0,1.0,0,0,8,27
86,2018-08-28,34.39,1,1,1,1.0,0.0,1,0,8,28
86,2018-08-29,36.68,1,1,1,1.0,0.0,2,0,8,29
86,2018-08-30,34.77,1,1,1,1.0,0.0,3,0,8,30
86,2018-08-31,81.86,2,2,2,0.5,0.5,4,0,8,31
86,2018-09-01,4.88,1,1,1,0.0,1.0,5,1,9,1
86,2018-09-02,89.67,3,3,3,0.3333333333333333,0.6666666666666666,6,1,9,2
86,2018-09-03,101.92,2,2,2,0.5,0.5,0,0,9,3
86,2018-09-04,3.14,1,1,1,0.0,1.0,1,0,9,4
86,2018-09-05,67.34,2,1,1,1.0,0.0,2,0,9,5
86,2018-09-06,71.68,4,3,3,0.5,0.5,3,0,9,6
86,2018-09-07,113.67999999999999,3,3,3,0.6666666666666666,0.3333333333333333,4,0,9,7
86,2018-09-08,89.53999999999999,3,2,2,0.6666666666666666,0.3333333333333333,5,1,9,8
86,2018-09-09,202.53,4,4,4,0.25,0.75,6,1,9,9
86,2018-09-10,159.22,8,5,5,0.125,0.875,0,0,9,10
86,2018-09-11,134.44,3,3,3,0.3333333333333333,0.6666666666666666,1,0,9,11
86,2018-09-12,85.38,3,3,3,0.3333333333333333,0.6666666666666666,2,0,9,12
86,2018-09-13,92.64,2,2,2,0.5,0.5,3,0,9,13
86,2018-09-14,148.35000000000002,3,2,2,0.6666666666666666,0.3333333333333333,4,0,9,14
86,2018-09-15,37.13,2,2,2,0.5,0.5,5,1,9,15
86,2018-09-16,32.78,1,1,1,1.0,0.0,6,1,9,16
86,2018-09-17,48.36,3,3,3,0.3333333333333333,0.6666666666666666,0,0,9,17
86,2018-09-18,2.65,1,1,1,0.0,1.0,1,0,9,18
86,2018-09-19,39.56,3,3,3,0.0,1.0,2,0,9,19
86,2018-09-20,56.010000000000005,2,2,2,0.5,0.5,3,0,9,20
86,2018-09-21,52.01,3,3,3,0.3333333333333333,0.6666666666666666,4,0,9,21
86,2018-09-22,74.5,3,2,2,0.6666666666666666,0.3333333333333333,5,1,9,22
86,2018-09-23,113.55,2,2,2,0.5,0.5,6,1,9,23
86,2018-09-24,35.47,2,2,2,1.0,0.0,0,0,9,24
86,2018-09-25,30.09,1,1,1,1.0,0.0,1,0,9,25
86,2018-09-26,112.13,4,4,4,0.25,0.75,2,0,9,26
86,2018-09-27,155.31,3,3,3,0.3333333333333333,0.6666666666666666,3,0,9,27
86,2018-09-28,41.4,4,2,2,0.25,0.75,4,0,9,28
86,2018-09-29,57.19,3,3,3,0.3333333333333333,0.6666666666666666,5,1,9,29
86,2018-09-30,50.17,2,2,2,0.5,0.5,6,1,9,30
86,2018-10-01,141.69,3,3,3,0.6666666666666666,0.3333333333333333,0,0,10,1
86,2018-10-02,72.86000000000001,5,3,3,0.2,0.8,1,0,10,2
86,2018-10-03,26.79,1,1,1,1.0,0.0,2,0,10,3
86,2018-10-04,145.0,4,3,3,0.5,0.5,3,0,10,4
86,2018-10-05,44.3,3,3,3,0.3333333333333333,0.6666666666666666,4,0,10,5
86,2018-10-06,40.39,2,2,2,0.5,0.5,5,1,10,6
86,2018-10-07,4.02,1,1,1,0.0,1.0,6,1,10,7
86,2018-10-08,34.4,2,2,2,0.5,0.5,0,0,10,8
86,2018-10-09,89.61,4,4,4,0.25,0.75,1,0,10,9
86,2018-10-10,38.519999999999996,2,2,2,0.5,0.5,2,0,10,10
86,2018-10-11,62.209999999999994,2,2,2,0.5,0.0,3,0,10,11
86,2018-10-12,678.0699999999999,4,4,4,0.25,0.25,4,0,10,12
86,2018-10-13,40.43,1,1,1,1.0,0.0,5,1,10,13
86,2018-10-14,49.910000000000004,2,2,2,0.5,0.5,6,1,10,14
86,2018-10-15,129.84,5,3,3,0.2,0.8,0,0,10,15
86,2018-10-16,22.87,1,1,1,1.0,0.0,1,0,10,16
86,2018-10-17,73.6,2,2,2,0.5,0.5,2,0,10,17
86,2018-10-18,38.269999999999996,4,2,2,0.25,0.75,3,0,10,18
86,2018-10-19,185.4,4,4,4,0.25,0.75,4,0,10,19
86,2018-10-20,67.36,2,1,1,1.0,0.0,5,1,10,20
86,2018-10-21,22.41,2,2,2,0.5,0.5,6,1,10,21
86,2018-10-22,35.82,3,3,3,0.3333333333333333,0.6666666666666666,0,0,10,22
86,2018-10-23,46.08,2,2,2,0.5,0.5,1,0,10,23
86,2018-10-24,45.830000000000005,3,3,3,0.3333333333333333,0.3333333333333333,2,0,10,24
86,2018-10-25,35.18,6,4,4,0.16666666666666666,0.6666666666666666,3,0,10,25
86,2018-10-26,41.33,1,1,1,1.0,0.0,4,0,10,26
86,2018-10-27,37.94,1,1,1,1.0,0.0,5,1,10,27
86,2018-10-28,352.3,6,5,5,0.5,0.16666666666666666,6,1,10,28
86,2018-10-29,-308.59,7,5,5,0.14285714285714285,0.5714285714285714,0,0,10,29
86,2018-10-30,21.8,1,1,1,1.0,0.0,1,0,10,30
86,2018-10-31,40.760000000000005,2,2,2,0.5,0.5,2,0,10,31
86,2018-11-01,36.6,1,1,1,1.0,0.0,3,0,11,1
86,2018-11-02,360.62,5,4,4,0.6,0.4,4,0,11,2
86,2018-11-03,52.81,1,1,1,1.0,0.0,5,1,11,3
86,2018-11-04,86.14,3,3,3,0.3333333333333333,0.6666666666666666,6,1,11,4
86,2018-11-05,93.81,3,3,3,0.6666666666666666,0.3333333333333333,0,0,11,5
86,2018-11-06,138.03,3,3,3,0.3333333333333333,0.6666666666666666,1,0,11,6
86,2018-11-07,12.940000000000005,6,3,3,0.0,1.0,2,0,11,7
86,2018-11-08,141.8,3,3,3,0.3333333333333333,0.6666666666666666,3,0,11,8
86,2018-11-09,164.97,7,5,5,0.2857142857142857,0.7142857142857143,4,0,11,9
86,2018-11-10,10.39,1,1,1,1.0,0.0,5,1,11,10
86,2018-11-11,41.089999999999996,3,2,3,0.3333333333333333,0.6666666666666666,6,1,11,11
86,2018-11-12,3.57,1,1,1,0.0,1.0,0,0,11,12
86,2018-11-13,26.6,1,1,1,1.0,0.0,1,0,11,13
86,2018-11-14,31.39,1,1,1,1.0,0.0,2,0,11,14
86,2018-11-15,26.12,2,2,2,0.5,0.5,3,0,11,15
86,2018-11-16,146.86,7,6,6,0.14285714285714285,0.8571428571428571,4,0,11,16
86,2018-11-17,27.74,1,1,1,1.0,0.0,5,1,11,17
86,2018-11-18,139.5,2,2,2,0.5,0.5,6,1,11,18
86,2018-11-20,52.08,1,1,1,1.0,0.0,1,0,11,20
86,2018-11-21,38.62,1,1,1,1.0,0.0,2,0,11,21
86,2018-11-22,46.01,2,2,2,0.5,0.5,3,0,11,22
86,2018-11-23,36.72,1,1,1,1.0,0.0,4,0,11,23
86,2018-11-24,34.98,1,1,1,1.0,0.0,5,1,11,24
86,2018-11-25,30.97,4,2,2,0.25,0.75,6,1,11,25
86,2018-11-26,63.88,2,1,1,0.0,1.0,0,0,11,26
86,2018-11-27,39.36,3,3,3,0.3333333333333333,0.6666666666666666,1,0,11,27
86,2018-11-28,265.63,4,4,4,0.5,0.5,2,0,11,28
86,2018-11-29,34.93,3,2,2,0.3333333333333333,0.6666666666666666,3,0,11,29
86,2018-11-30,101.62,3,2,2,0.6666666666666666,0.3333333333333333,4,0,11,30
86,2018-12-01,260.78999999999996,5,4,4,0.4,0.6,5,1,12,1
86,2018-12-02,41.339999999999996,4,4,4,0.25,0.75,6,1,12,2
86,2018-12-03,98.68,3,3,3,0.3333333333333333,0.6666666666666666,0,0,12,3
86,2018-12-04,116.55,2,2,2,0.5,0.5,1,0,12,4
86,2018-12-05,45.9,2,2,2,0.5,0.5,2,0,12,5
86,2018-12-06,38.35,2,2,2,0.5,0.5,3,0,12,6
86,2018-12-07,181.12,4,4,4,0.5,0.5,4,0,12,7
86,2018-12-08,72.34,2,2,2,0.5,0.5,5,1,12,8
86,2018-12-09,73.67999999999999,3,3,3,0.3333333333333333,0.6666666666666666,6,1,12,9
86,2018-12-10,32.39,2,2,2,0.5,0.5,0,0,12,10
86,2018-12-11,248.37,4,3,3,0.25,0.75,1,0,12,11
86,2018-12-12,75.45,3,2,2,0.6666666666666666,0.3333333333333333,2,0,12,12
86,2018-12-13,38.01,1,1,1,1.0,0.0,3,0,12,13
86,2018-12-14,104.17,6,3,3,0.16666666666666666,0.8333333333333334,4,0,12,14
86,2018-12-15,40.54,2,2,2,0.5,0.5,5,1,12,15
86,2018-12-16,59.21,2,2,2,0.5,0.5,6,1,12,16
86,2018-12-17,46.73,1,1,1,1.0,0.0,0,0,12,17
86,2018-12-18,148.42000000000002,3,3,3,0.3333333333333333,0.6666666666666666,1,0,12,18
86,2018-12-19,130.99,2,2,2,0.5,0.5,2,0,12,19
86,2018-12-20,44.06,2,2,2,0.5,0.5,3,0,12,20
86,2018-12-21,164.18,2,2,2,1.0,0.0,4,0,12,21
86,2018-12-22,131.26,5,5,5,0.2,0.8,5,1,12,22
86,2018-12-23,32.15,1,1,1,1.0,0.0,6,1,12,23
86,2018-12-24,239.52,2,2,2,0.5,0.5,0,0,12,24
86,2018-12-25,165.18,5,3,3,0.4,0.6,1,0,12,25
86,2018-12-26,29.29,1,1,1,1.0,0.0,2,0,12,26
86,2018-12-27,3.52,1,1,1,0.0,1.0,3,0,12,27
86,2018-12-28,157.82000000000002,4,3,3,0.75,0.25,4,0,12,28
86,2018-12-29,122.38,5,3,3,0.2,0.8,5,1,12,29
86,2018-12-30,83.0,2,2,2,0.0,1.0,6,1,12,30
86,2018-12-31,50.62,4,4,4,0.25,0.75,0,0,12,31
86,2019-01-01,151.26999999999998,2,2,2,0.5,0.5,1,0,1,1
86,2019-01-02,40.37,2,2,2,0.5,0.5,2,0,1,2
86,2019-01-03,103.46000000000001,3,3,3,0.3333333333333333,0.6666666666666666,3,0,1,3
86,2019-01-04,148.45000000000002,2,2,2,1.0,0.0,4,0,1,4
86,2019-01-05,198.94,2,1,1,0.0,1.0,5,1,1,5
86,2019-01-06,132.13,4,4,4,0.25,0.75,6,1,1,6
86,2019-01-07,97.09,2,2,2,0.5,0.5,0,0,1,7
86,2019-01-08,68.16,2,1,1,1.0,0.0,1,0,1,8
86,2019-01-09,41.33,1,1,1,1.0,0.0,2,0,1,9
86,2019-01-10,37.85,4,2,2,0.25,0.75,3,0,1,10
86,2019-01-11,43.46,3,3,3,0.3333333333333333,0.6666666666666666,4,0,1,11
86,2019-01-12,49.730000000000004,4,3,4,0.0,1.0,5,1,1,12
86,2019-01-13,57.5,4,4,4,0.25,0.75,6,1,1,13
86,2019-01-14,4.87,1,1,1,0.0,1.0,0,0,1,14
86,2019-01-15,114.97999999999999,2,2,2,0.5,0.5,1,0,1,15
86,2019-01-16,44.82,1,1,1,0.0,1.0,2,0,1,16
86,2019-01-17,71.74,3,3,3,0.3333333333333333,0.6666666666666666,3,0,1,17
86,2019-01-18,84.29,2,2,2,0.0,1.0,4,0,1,18
86,2019-01-19,33.33,1,1,1,1.0,0.0,5,1,1,19
86,2019-01-20,43.239999999999995,2,2,2,0.5,0.5,6,1,1,20
86,2019-01-21,35.76,3,3,3,0.3333333333333333,0.6666666666666666,0,0,1,21
86,2019-01-22,66.29,2,2,2,0.5,0.5,1,0,1,22
86,2019-01-23,78.86,2,1,1,1.0,0.0,2,0,1,23
86,2019-01-24,22.12,2,2,2,0.5,0.5,3,0,1,24
86,2019-01-25,106.47,3,3,3,0.3333333333333333,0.6666666666666666,4,0,1,25
86,2019-01-26,218.37,4,4,4,0.5,0.5,5,1,1,26
86,2019-01-27,136.26,2,2,2,0.5,0.5,6,1,1,27
86,2019-01-28,38.5,2,2,2,0.5,0.5,0,0,1,28
86,2019-01-29,224.62,3,2,2,0.3333333333333333,0.6666666666666666,1,0,1,29
86,2019-01-30,158.93,2,2,2,0.0,1.0,2,0,1,30
86,2019-01-31,57.25,3,3,3,0.6666666666666666,0.3333333333333333,3,0,1,31
86,2019-02-01,31.73,1,1,1,1.0,0.0,4,0,2,1
86,2019-02-02,168.2,3,3,3,0.6666666666666666,0.3333333333333333,5,1,2,2
86,2019-02-03,43.38,2,2,2,0.5,0.5,6,1,2,3
86,2019-02-04,128.88,2,2,2,0.5,0.5,0,0,2,4
86,2019-02-05,63.97,2,1,1,1.0,0.0,1,0,2,5
86,2019-02-06,40.66,1,1,1,1.0,0.0,2,0,2,6
86,2019-02-07,345.15,5,5,5,0.2,0.8,3,0,2,7
86,2019-02-08,39.31,2,2,2,0.5,0.5,4,0,2,8
86,2019-02-09,130.32,4,4,4,0.25,0.75,5,1,2,9
86,2019-02-10,135.51,4,3,3,0.5,0.5,6,1,2,10
86,2019-02-11,38.99,2,2,2,0.5,0.5,0,0,2,11
86,2019-02-12,674.79,3,2,2,1.0,0.0,1,0,2,12
86,2019-02-13,47.480000000000004,3,3,3,0.6666666666666666,0.3333333333333333,2,0,2,13
86,2019-02-14,40.25,2,2,2,0.5,0.5,3,0,2,14
86,2019-02-15,64.27000000000001,3,3,3,0.3333333333333333,0.6666666666666666,4,0,2,15
86,2019-02-16,51.47,4,2,2,0.25,0.75,5,1,2,16
86,2019-02-17,44.68,3,3,3,0.3333333333333333,0.6666666666666666,6,1,2,17
86,2019-02-18,39.19,1,1,1,1.0,0.0,0,0,2,18
86,2019-02-19,113.32,4,2,2,0.75,0.25,1,0,2,19
86,2019-02-20,74.58000000000001,2,1,1,1.0,0.0,2,0,2,20
86,2019-02-21,28.18,2,2,2,0.5,0.5,3,0,2,21
86,2019-02-22,32.19,1,1,1,1.0,0.0,4,0,2,22
86,2019-02-23,123.25,4,2,2,0.75,0.25,5,1,2,23
86,2019-02-24,62.97,2,2,2,0.5,0.5,6,1,2,24
86,2019-02-25,34.17,1,1,1,1.0,0.0,0,0,2,25
86,2019-02-26,-404.64000000000004,5,2,2,0.8,0.2,1,0,2,26
86,2019-02-27,30.64,1,1,1,1.0,0.0,2,0,2,27
86,2019-02-28,45.19,2,2,2,0.5,0.5,3,0,2,28
86,2019-03-01,45.04,2,2,2,0.5,0.5,4,0,3,1
86,2019-03-02,125.03999999999999,4,4,4,0.25,0.75,5,1,3,2
86,2019-03-03,180.74,3,3,3,0.0,1.0,6,1,3,3
86,2019-03-04,34.63,1,1,1,1.0,0.0,0,0,3,4
86,2019-03-05,133.48,2,2,2,0.5,0.5,1,0,3,5
86,2019-03-06,80.0,1,1,1,0.0,1.0,2,0,3,6
86,2019-03-07,44.99,2,2,2,0.5,0.5,3,0,3,7
86,2019-03-08,45.38,3,3,3,0.3333333333333333,0.6666666666666666,4,0,3,8
86,2019-03-09,86.07,3,3,3,0.3333333333333333,0.6666666666666666,5,1,3,9
86,2019-03-10,38.51,1,1,1,1.0,0.0,6,1,3,10
86,2019-03-11,55.879999999999995,2,2,2,0.5,0.5,0,0,3,11
86,2019-03-14,39.24,1,1,1,1.0,0.0,3,0,3,14
86,2019-03-15,31.86,4,2,2,0.25,0.75,4,0,3,15
86,2019-03-16,81.97,4,3,3,0.5,0.5,5,1,3,16
86,2019-03-17,36.120000000000005,2,2,2,0.5,0.5,6,1,3,17
86,2019-03-18,183.65,4,4,4,0.5,0.5,0,0,3,18
86,2019-03-19,41.7,3,3,3,0.3333333333333333,0.6666666666666666,1,0,3,19
86,2019-03-21,187.0,5,3,4,0.6,0.4,3,0,3,21
86,2019-03-22,59.839999999999996,3,3,3,0.3333333333333333,0.6666666666666666,4,0,3,22
86,2019-03-23,62.61,2,1,1,1.0,0.0,5,1,3,23
86,2019-03-24,137.82,4,4,4,0.25,0.75,6,1,3,24
86,2019-03-25,66.34,3,2,2,0.6666666666666666,0.3333333333333333,0,0,3,25
86,2019-03-26,27.17,4,2,2,0.25,0.75,1,0,3,26
86,2019-03-27,37.64,1,1,1,1.0,0.0,2,0,3,27
86,2019-03-28,118.2,3,2,2,0.6666666666666666,0.3333333333333333,3,0,3,28
86,2019-03-29,21.8,2,2,2,0.5,0.5,4,0,3,29
86,2019-03-30,35.58,2,2,2,0.5,0.5,5,1,3,30
86,2019-03-31,38.85,1,1,1,1.0,0.0,6,1,3,31
86,2019-04-01,201.57,7,4,4,0.2857142857142857,0.7142857142857143,0,0,4,1
86,2019-04-02,102.61,7,5,5,0.14285714285714285,0.8571428571428571,1,0,4,2
86,2019-04-03,67.89,4,4,4,0.25,0.75,2,0,4,3
86,2019-04-04,45.81,1,1,1,1.0,0.0,3,0,4,4
86,2019-04-05,86.53,7,3,4,0.2857142857142857,0.7142857142857143,4,0,4,5
86,2019-04-06,61.72,2,1,1,1.0,0.0,5,1,4,6
86,2019-04-07,115.74,4,3,3,0.5,0.5,6,1,4,7
86,2019-04-08,35.94,1,1,1,1.0,0.0,0,0,4,8
86,2019-04-09,159.07,2,2,2,0.5,0.5,1,0,4,9
86,2019-04-10,34.43,2,2,2,0.5,0.5,2,0,4,10
86,2019-04-11,154.56,5,3,3,0.2,0.8,3,0,4,11
86,2019-04-12,142.53,3,3,3,0.3333333333333333,0.6666666666666666,4,0,4,12
86,2019-04-13,11.29,3,2,2,0.0,1.0,5,1,4,13
86,2019-04-14,147.49,4,4,4,0.25,0.75,6,1,4,14
86,2019-04-15,48.23,2,2,2,0.5,0.5,0,0,4,15
86,2019-04-16,157.68,5,3,3,0.4,0.6,1,0,4,16
86,2019-04-17,196.05,6,4,5,0.3333333333333333,0.6666666666666666,2,0,4,17
86,2019-04-18,224.36,7,5,5,0.2857142857142857,0.7142857142857143,3,0,4,18
86,2019-04-19,103.08,3,3,3,0.6666666666666666,0.3333333333333333,4,0,4,19
86,2019-04-20,75.03999999999999,6,6,6,0.16666666666666666,0.8333333333333334,5,1,4,20
86,2019-04-21,28.310000000000002,2,2,2,0.5,0.5,6,1,4,21
86,2019-04-22,71.61,2,1,1,1.0,0.0,0,0,4,22
86,2019-04-23,75.44999999999999,2,2,2,0.5,0.5,1,0,4,23
86,2019-04-24,41.769999999999996,2,2,2,0.5,0.5,2,0,4,24
86,2019-04-25,23.16,1,1,1,1.0,0.0,3,0,4,25
86,2019-04-26,88.12,3,2,2,0.6666666666666666,0.3333333333333333,4,0,4,26
86,2019-04-27,203.64,4,3,3,0.5,0.5,5,1,4,27
86,2019-04-28,56.93000000000001,3,2,3,0.3333333333333333,0.6666666666666666,6,1,4,28
86,2019-04-29,35.77,2,2,2,0.5,0.5,0,0,4,29
86,2019-04-30,37.1,1,1,1,1.0,0.0,1,0,4,30
86,2019-05-01,63.91,3,3,3,0.3333333333333333,0.6666666666666666,2,0,5,1
86,2019-05-02,98.28999999999999,3,2,2,0.6666666666666666,0.3333333333333333,3,0,5,2
86,2019-05-03,34.25,1,1,1,1.0,0.0,4,0,5,3
86,2019-05-04,40.919999999999995,5,3,3,0.2,0.8,5,1,5,4
86,2019-05-05,171.27,3,3,3,0.0,1.0,6,1,5,5
86,2019-05-06,25.76,1,1,1,1.0,0.0,0,0,5,6
86,2019-05-07,84.91,2,2,2,0.5,0.5,1,0,5,7
86,2019-05-08,126.78,2,2,2,0.5,0.5,2,0,5,8
86,2019-05-09,37.52,2,2,2,0.5,0.5,3,0,5,9
86,2019-05-10,45.68000000000001,3,3,3,0.3333333333333333,0.6666666666666666,4,0,5,10
86,2019-05-11,178.64999999999998,6,4,4,0.16666666666666666,0.8333333333333334,5,1,5,11
86,2019-05-12,57.059999999999995,4,4,4,0.25,0.75,6,1,5,12
86,2019-05-13,193.71,6,4,4,0.16666666666666666,0.8333333333333334,0,0,5,13
86,2019-05-14,41.43,1,1,1,1.0,0.0,1,0,5,14
86,2019-05-15,44.72,2,2,2,0.5,0.5,2,0,5,15
86,2019-05-16,4.42,1,1,1,0.0,1.0,3,0,5,16
86,2019-05-17,48.540000000000006,3,3,3,0.3333333333333333,0.6666666666666666,4,0,5,17
86,2019-05-18,138.92000000000002,5,5,5,0.2,0.8,5,1,5,18
86,2019-05-19,76.00999999999999,3,3,3,0.3333333333333333,0.6666666666666666,6,1,5,19
86,2019-05-20,36.33,2,2,2,0.5,0.5,0,0,5,20
86,2019-05-21,128.91,3,3,3,0.3333333333333333,0.6666666666666666,1,0,5,21
86,2019-05-22,104.42,3,2,2,0.6666666666666666,0.3333333333333333,2,0,5,22
86,2019-05-23,64.44,3,3,3,0.3333333333333333,0.6666666666666666,3,0,5,23
86,2019-05-24,187.32999999999998,5,4,4,0.4,0.6,4,0,5,24
86,2019-05-25,114.44,2,2,2,0.5,0.5,5,1,5,25
86,2019-05-26,36.97,3,2,2,0.3333333333333333,0.6666666666666666,6,1,5,26
86,2019-05-27,273.72,4,3,3,0.75,0.25,0,0,5,27
86,2019-05-28,133.41,2,2,2,1.0,0.0,1,0,5,28
86,2019-05-29,85.65,3,3,3,0.6666666666666666,0.3333333333333333,2,0,5,29
86,2019-05-30,42.56,2,2,2,0.5,0.5,3,0,5,30
86,2019-05-31,120.1,3,1,1,1.0,0.0,4,0,5,31
86,2019-06-01,117.85,4,3,4,0.75,0.25,5,1,6,1
86,2019-06-02,34.58,1,1,1,1.0,0.0,6,1,6,2
86,2019-06-03,187.99,4,4,4,0.5,0.5,0,0,6,3
86,2019-06-04,35.38,1,1,1,0.0,1.0,1,0,6,4
86,2019-06-05,61.97,1,1,1,1.0,0.0,2,0,6,5
86,2019-06-06,3.9999999999999947,4,2,2,0.0,1.0,3,0,6,6
86,2019-06-07,43.41,2,2,2,0.5,0.5,4,0,6,7
86,2019-06-08,163.61,2,2,2,0.5,0.5,5,1,6,8
86,2019-06-09,41.879999999999995,3,3,3,0.3333333333333333,0.6666666666666666,6,1,6,9
86,2019-06-10,165.82999999999998,2,2,2,0.5,0.5,0,0,6,10
86,2019-06-11,65.12,2,2,2,0.0,1.0,1,0,6,11
86,2019-06-12,34.71,1,1,1,1.0,0.0,2,0,6,12
86,2019-06-13,133.22,2,2,2,0.5,0.5,3,0,6,13
86,2019-06-14,262.82,5,4,5,0.4,0.6,4,0,6,14
86,2019-06-15,47.370000000000005,3,3,3,0.3333333333333333,0.6666666666666666,5,1,6,15
86,2019-06-16,38.28,2,2,2,0.5,0.5,6,1,6,16
86,2019-06-17,57.92,3,3,3,0.3333333333333333,0.6666666666666666,0,0,6,17
86,2019-06-18,34.04,2,2,2,0.5,0.5,1,0,6,18
86,2019-06-19,124.66000000000001,2,2,2,0.0,1.0,2,0,6,19
86,2019-06-20,60.94,3,2,2,0.6666666666666666,0.3333333333333333,3,0,6,20
86,2019-06-21,38.61,1,1,1,1.0,0.0,4,0,6,21
86,2019-06-22,95.64,4,2,2,0.5,0.5,5,1,6,22
86,2019-06-23,142.18,3,3,3,0.6666666666666666,0.3333333333333333,6,1,6,23
86,2019-06-24,169.17000000000002,2,2,2,0.5,0.5,0,0,6,24
86,2019-06-25,106.48,4,3,3,0.25,0.75,1,0,6,25
86,2019-06-26,3.34,1,1,1,0.0,1.0,2,0,6,26
86,2019-06-27,28.310000000000002,2,2,2,0.5,0.5,3,0,6,27
86,2019-06-28,155.34,2,2,2,1.0,0.0,4,0,6,28
86,2019-06-29,75.15,3,2,2,0.6666666666666666,0.3333333333333333,5,1,6,29
86,2019-06-30,167.7,5,4,4,0.4,0.6,6,1,6,30
86,2019-07-01,36.57,2,2,2,0.5,0.5,0,0,7,1
86,2019-07-02,35.26,1,1,1,1.0,0.0,1,0,7,2
86,2019-07-03,29.18,1,1,1,1.0,0.0,2,0,7,3
86,2019-07-04,180.9,4,4,4,0.25,0.75,3,0,7,4
86,2019-07-05,46.0,2,2,2,0.5,0.5,4,0,7,5
86,2019-07-06,378.34,2,2,2,0.5,0.5,5,1,7,6
86,2019-07-07,76.02000000000001,2,1,1,1.0,0.0,6,1,7,7
86,2019-07-08,34.14,2,2,2,0.5,0.5,0,0,7,8
86,2019-07-09,77.64999999999999,4,4,4,0.25,0.75,1,0,7,9
86,2019-07-10,40.78,1,1,1,1.0,0.0,2,0,7,10
86,2019-07-11,9.29,1,1,1,0.0,1.0,3,0,7,11
86,2019-07-12,96.19,3,2,2,0.6666666666666666,0.3333333333333333,4,0,7,12
86,2019-07-13,946.74,3,3,3,0.0,1.0,5,1,7,13
86,2019-07-14,33.22,1,1,1,1.0,0.0,6,1,7,14
86,2019-07-15,52.43,3,3,3,0.3333333333333333,0.6666666666666666,0,0,7,15
86,2019-07-16,31.07,2,2,2,0.5,0.5,1,0,7,16
86,2019-07-17,37.150000000000006,2,2,2,0.5,0.5,2,0,7,17
86,2019-07-18,196.33999999999997,6,4,4,0.16666666666666666,0.8333333333333334,3,0,7,18
86,2019-07-19,36.2,1,1,1,1.0,0.0,4,0,7,19
86,2019-07-20,124.07,8,4,4,0.125,0.875,5,1,7,20
86,2019-07-21,37.61,1,1,1,1.0,0.0,6,1,7,21
86,2019-07-22,116.37,2,2,2,0.5,0.5,0,0,7,22
86,2019-07-23,18.65,1,1,1,1.0,0.0,1,0,7,23
86,2019-07-24,39.68,1,1,1,1.0,0.0,2,0,7,24
86,2019-07-25,34.02,1,1,1,1.0,0.0,3,0,7,25
86,2019-07-26,-590.3699999999999,10,5,5,0.2,0.7,4,0,7,26
86,2019-07-27,152.57000000000002,3,3,3,0.3333333333333333,0.6666666666666666,5,1,7,27
86,2019-07-28,42.06,2,2,2,0.5,0.5,6,1,7,28
86,2019-07-29,2.12,1,1,1,0.0,1.0,0,0,7,29
86,2019-07-31,43.57,1,1,1,1.0,0.0,2,0,7,31
86,2019-08-02,98.44,3,3,3,0.3333333333333333,0.6666666666666666,4,0,8,2
86,2019-08-03,45.76,2,2,2,0.5,0.5,5,1,8,3
86,2019-08-04,44.36,1,1,1,1.0,0.0,6,1,8,4
86,2019-08-05,33.6,2,2,2,0.5,0.5,0,0,8,5
86,2019-08-06,0.44,3,1,1,0.0,1.0,1,0,8,6
86,2019-08-07,78.60000000000001,3,3,3,0.0,1.0,2,0,8,7
86,2019-08-08,39.26,1,1,1,1.0,0.0,3,0,8,8
86,2019-08-09,110.62,4,4,4,0.25,0.75,4,0,8,9
86,2019-08-10,117.85999999999999,3,3,3,0.3333333333333333,0.6666666666666666,5,1,8,10
86,2019-08-11,140.76999999999998,3,3,3,0.3333333333333333,0.6666666666666666,6,1,8,11
86,2019-08-13,222.59000000000003,3,3,3,0.6666666666666666,0.3333333333333333,1,0,8,13
86,2019-08-14,65.13,2,2,2,0.5,0.5,2,0,8,14
86,2019-08-15,3.73,1,1,1,0.0,1.0,3,0,8,15
86,2019-08-16,41.79,2,2,2,0.5,0.5,4,0,8,16
86,2019-08-17,177.04,5,4,4,0.2,0.8,5,1,8,17
86,2019-08-18,83.48,3,3,3,0.3333333333333333,0.6666666666666666,6,1,8,18
86,2019-08-19,112.37,2,2,2,0.5,0.5,0,0,8,19
86,2019-08-21,32.79,1,1,1,1.0,0.0,2,0,8,21
86,2019-08-22,33.51,4,2,2,0.25,0.75,3,0,8,22
86,2019-08-23,72.66,3,2,2,0.6666666666666666,0.3333333333333333,4,0,8,23
86,2019-08-24,51.16,1,1,1,1.0,0.0,5,1,8,24
86,2019-08-25,196.37,3,3,3,0.6666666666666666,0.3333333333333333,6,1,8,25
86,2019-08-26,62.85,2,1,1,1.0,0.0,0,0,8,26
86,2019-08-27,182.69,4,3,3,0.75,0.25,1,0,8,27
86,2019-08-28,287.73,6,4,4,0.5,0.5,2,0,8,28
86,2019-08-29,36.68,1,1,1,1.0,0.0,3,0,8,29
86,2019-08-30,51.34,3,3,3,0.3333333333333333,0.6666666666666666,4,0,8,30
86,2019-08-31,170.5,3,2,2,0.6666666666666666,0.3333333333333333,5,1,8,31
86,2019-09-01,32.05,1,1,1,1.0,0.0,6,1,9,1
86,2019-09-02,107.73,4,3,3,0.25,0.75,0,0,9,2
86,2019-09-03,33.52,1,1,1,1.0,0.0,1,0,9,3
86,2019-09-04,31.18,1,1,1,1.0,0.0,2,0,9,4
86,2019-09-05,65.04,2,1,1,1.0,0.0,3,0,9,5
86,2019-09-06,160.37,2,2,2,0.5,0.5,4,0,9,6
86,2019-09-07,44.919999999999995,2,2,2,0.5,0.5,5,1,9,7
86,2019-09-08,32.13,1,1,1,1.0,0.0,6,1,9,8
86,2019-09-09,38.91,3,3,3,0.3333333333333333,0.6666666666666666,0,0,9,9
86,2019-09-10,151.66,2,2,2,0.5,0.5,1,0,9,10
86,2019-09-11,40.55,2,2,2,0.5,0.5,2,0,9,11
86,2019-09-12,113.38,2,2,2,0.5,0.5,3,0,9,12
86,2019-09-13,115.25,3,3,3,0.6666666666666666,0.3333333333333333,4,0,9,13
86,2019-09-14,227.5,4,4,4,0.25,0.75,5,1,9,14
86,2019-09-15,3.38,1,1,1,0.0,1.0,6,1,9,15
86,2019-09-16,27.84,2,2,2,0.5,0.5,0,0,9,16
86,2019-09-17,222.92,4,3,3,0.5,0.5,1,0,9,17
86,2019-09-18,73.05,2,1,1,1.0,0.0,2,0,9,18
86,2019-09-19,66.11,4,4,4,0.25,0.75,3,0,9,19
86,2019-09-20,46.74,2,2,2,0.5,0.5,4,0,9,20
86,2019-09-21,40.53,2,2,2,0.5,0.5,5,1,9,21
86,2019-09-22,35.65,2,2,2,0.5,0.5,6,1,9,22
86,2019-09-23,32.86,1,1,1,1.0,0.0,0,0,9,23
86,2019-09-24,75.93,3,2,2,0.6666666666666666,0.3333333333333333,1,0,9,24
86,2019-09-25,28.4,1,1,1,1.0,0.0,2,0,9,25
86,2019-09-26,161.66,3,3,3,0.3333333333333333,0.6666666666666666,3,0,9,26
86,2019-09-27,35.36,2,2,2,0.5,0.5,4,0,9,27
86,2019-09-28,8.38,2,1,2,0.0,1.0,5,1,9,28
86,2019-09-30,78.16,2,1,1,1.0,0.0,0,0,9,30
86,2019-10-01,179.29,3,3,3,0.0,1.0,1,0,10,1
86,2019-10-02,148.47,2,2,2,0.5,0.5,2,0,10,2
86,2019-10-03,121.48,4,4,4,0.25,0.75,3,0,10,3
86,2019-10-04,29.08,1,1,1,1.0,0.0,4,0,10,4
86,2019-10-05,66.17999999999999,3,2,2,0.3333333333333333,0.6666666666666666,5,1,10,5
86,2019-10-06,75.47,2,1,1,1.0,0.0,6,1,10,6
86,2019-10-07,29.35,2,2,2,0.5,0.5,0,0,10,7
86,2019-10-08,122.78,3,3,3,0.3333333333333333,0.6666666666666666,1,0,10,8
86,2019-10-09,70.24000000000001,3,3,3,0.3333333333333333,0.6666666666666666,2,0,10,9
86,2019-10-11,92.39999999999999,2,2,2,1.0,0.0,4,0,10,11
86,2019-10-12,40.78,1,1,1,1.0,0.0,5,1,10,12
86,2019-10-13,50.97,2,2,2,0.5,0.5,6,1,10,13
86,2019-10-14,170.43,4,4,4,0.25,0.75,0,0,10,14
86,2019-10-15,62.81999999999999,2,1,1,1.0,0.0,1,0,10,15
86,2019-10-16,45.82,1,1,1,1.0,0.0,2,0,10,16
86,2019-10-17,63.49,2,2,2,0.0,1.0,3,0,10,17
86,2019-10-18,40.95,3,3,3,0.3333333333333333,0.6666666666666666,4,0,10,18
86,2019-10-19,68.38000000000001,3,2,2,0.6666666666666666,0.3333333333333333,5,1,10,19
86,2019-10-20,95.23,3,2,2,0.6666666666666666,0.3333333333333333,6,1,10,20
86,2019-10-21,131.34,3,3,3,0.6666666666666666,0.3333333333333333,0,0,10,21
86,2019-10-22,116.74000000000001,2,2,2,0.5,0.5,1,0,10,22
86,2019-10-23,169.16,3,3,3,0.6666666666666666,0.3333333333333333,2,0,10,23
86,2019-10-24,40.16,3,3,3,0.3333333333333333,0.6666666666666666,3,0,10,24
86,2019-10-25,111.9,3,3,3,0.6666666666666666,0.3333333333333333,4,0,10,25
86,2019-10-26,39.07,5,3,3,0.2,0.8,5,1,10,26
86,2019-10-27,46.21,3,3,3,0.3333333333333333,0.6666666666666666,6,1,10,27
86,2019-10-28,42.77,1,1,1,1.0,0.0,0,0,10,28
86,2019-10-29,148.83,2,2,2,0.5,0.5,1,0,10,29
86,2019-10-30,35.62,1,1,1,1.0,0.0,2,0,10,30
86,2019-10-31,229.84,5,4,4,0.4,0.6,3,0,10,31
