Date,Expense
1/1/2010,561.14
1/2/2010,357.69
1/3/2010,639.1
1/4/2010,641.93
1/5/2010,600.8
1/6/2010,837.13
1/7/2010,630.81
1/8/2010,349.46000000000004
1/9/2010,264.73
1/10/2010,557.88
1/11/2010,621.46
1/12/2010,654.4
1/13/2010,908.27
1/14/2010,979.93
1/15/2010,349.43
1/16/2010,219.95
1/17/2010,431.69
1/18/2010,581.34
1/19/2010,772.61
1/20/2010,465.75
1/21/2010,897.09
1/22/2010,312.55
1/23/2010,489.25
1/24/2010,655.02
1/25/2010,562.96
1/26/2010,631.32
1/27/2010,888.95
1/28/2010,366.34000000000003
1/29/2010,188.09
1/30/2010,543.0699999999999
1/31/2010,787.6
2/1/2010,810.22
2/2/2010,887.73
2/3/2010,480.95
2/4/2010,433.86
2/5/2010,210.81
2/6/2010,446.42
2/7/2010,754.04
2/8/2010,644.9300000000001
2/9/2010,772.21
2/10/2010,1274.11
2/11/2010,801.47
2/12/2010,324.67
2/13/2010,348.82
2/14/2010,845.86
2/15/2010,766.6
2/16/2010,786.26
2/17/2010,648.13
2/18/2010,771.52
2/19/2010,1040.08
2/20/2010,937.2
2/21/2010,552.01
2/22/2010,604.16
2/23/2010,865.75
2/24/2010,500.87
2/25/2010,732.69
2/26/2010,424.9
2/27/2010,468.12
2/28/2010,828.91
3/1/2010,587.52
3/2/2010,456.75
3/3/2010,841.27
3/4/2010,690.92
3/5/2010,758.73
3/6/2010,283.97
3/7/2010,720.55
3/8/2010,843.78
3/9/2010,806.11
3/10/2010,436.28999999999996
3/11/2010,468.63
3/12/2010,665.35
3/13/2010,389.88
3/14/2010,457.84999999999997
3/15/2010,685.8100000000001
3/16/2010,706.81
3/17/2010,788.04
3/18/2010,901.91
3/19/2010,560.26
3/20/2010,388.56
3/21/2010,644.6
3/22/2010,637.85
3/23/2010,1005.98
3/24/2010,1059.8799999999999
3/25/2010,916.5
3/26/2010,241.98000000000002
3/27/2010,489.12
3/28/2010,796.1
3/29/2010,567.76
3/30/2010,825.9
3/31/2010,658.4
4/1/2010,1260.07
4/2/2010,788.23
4/3/2010,787.27
4/4/2010,937.85
4/5/2010,760.39
4/6/2010,521.28
4/7/2010,772.84
4/8/2010,872.95
4/9/2010,374.05
4/10/2010,8.51
4/11/2010,426.01
4/12/2010,491.69
4/13/2010,893.98
4/14/2010,750.5
4/15/2010,933.8
4/16/2010,420.98
4/17/2010,95.84
4/18/2010,745.96
4/19/2010,807.54
4/20/2010,1165.77
4/21/2010,554.11
4/22/2010,1133.48
4/23/2010,378.06
4/24/2010,886.6700000000001
4/25/2010,375.93
4/26/2010,402.99
4/27/2010,567.55
4/28/2010,467.05
4/29/2010,475.8
4/30/2010,459.12
5/1/2010,560.35
5/2/2010,183.66
5/3/2010,405.94
5/4/2010,461.55
5/5/2010,344.64
5/6/2010,401.22
5/7/2010,464.85
5/8/2010,733.51
5/9/2010,417.63
5/10/2010,321.59000000000003
5/11/2010,365.3
5/12/2010,549.07
5/13/2010,386.01
5/14/2010,575.7
5/15/2010,583.09
5/16/2010,301.62
5/17/2010,1027.39
5/18/2010,774.77
5/19/2010,789.4
5/20/2010,731.37
5/21/2010,26.11
5/22/2010,249.56
5/23/2010,546.0600000000001
5/24/2010,731.68
5/25/2010,520.93
5/26/2010,685.3
5/27/2010,593.49
5/28/2010,611.21
5/29/2010,532.1
5/30/2010,283.37
5/31/2010,532.82
6/1/2010,442.37
6/2/2010,430.59
6/3/2010,432.06
6/4/2010,303.72
6/5/2010,524.29
6/6/2010,491.89
6/7/2010,515.07
6/8/2010,610.79
6/9/2010,439.02
6/10/2010,548.03
6/11/2010,340.1
6/12/2010,425.61
6/13/2010,985.78
6/14/2010,701.9
6/15/2010,183.82999999999998
6/16/2010,815.89
6/17/2010,552
6/18/2010,103.77
6/19/2010,795
6/20/2010,987.3100000000001
6/21/2010,910.83
6/22/2010,665.94
6/23/2010,728.77
6/24/2010,670.54
6/25/2010,704.0699999999999
6/26/2010,676.67
6/27/2010,621.52
6/28/2010,975.87
6/29/2010,699.31
6/30/2010,1095.67
7/1/2010,428.46
7/2/2010,546.37
7/3/2010,192.09
7/4/2010,508.7
7/5/2010,1083.42
7/6/2010,648.45
7/7/2010,566.69
7/8/2010,749.37
7/9/2010,166.19
7/10/2010,433.90999999999997
7/11/2010,733.47
7/12/2010,1526.07
7/13/2010,729.39
7/14/2010,617.8
7/15/2010,824.83
7/16/2010,264.33
7/17/2010,736.68
7/18/2010,757.4
7/19/2010,666.79
7/20/2010,768.74
7/21/2010,573.2
7/22/2010,568.3100000000001
7/23/2010,360.74
7/24/2010,501.3
7/25/2010,631.15
7/26/2010,832.24
7/27/2010,590.65
7/28/2010,1044.87
7/29/2010,644.96
7/30/2010,280.65999999999997
7/31/2010,501.49
8/1/2010,770.59
8/2/2010,625.8199999999999
8/3/2010,1037.57
8/4/2010,873.54
8/5/2010,402.17
8/6/2010,587.05
8/7/2010,659.98
8/8/2010,709.73
8/9/2010,919.84
8/10/2010,718.26
8/11/2010,688.24
8/12/2010,488.25
8/13/2010,408.2
8/14/2010,649.9300000000001
8/15/2010,426.14
8/16/2010,718.3199999999999
8/17/2010,768.59
8/18/2010,537.37
8/19/2010,803.35
8/20/2010,688.51
8/21/2010,269.27
8/22/2010,614.15
8/23/2010,993.49
8/24/2010,796.4
8/25/2010,813.9
8/26/2010,608.73
8/27/2010,329.97
8/28/2010,412.78
8/29/2010,478.32
8/30/2010,1087.54
8/31/2010,683.55
9/1/2010,366.47
9/2/2010,415.94
9/3/2010,419.71
9/4/2010,384.28999999999996
9/5/2010,375.88
9/6/2010,593.86
9/7/2010,692.69
9/8/2010,377.61
9/9/2010,505.39
9/10/2010,662.08
9/11/2010,363.39
9/12/2010,554.2
9/13/2010,904.53
9/14/2010,718.33
9/15/2010,880.32
9/16/2010,806.21
9/17/2010,399.15
9/18/2010,406.99
9/19/2010,769.53
9/20/2010,658.8199999999999
9/21/2010,556.31
9/22/2010,866.76
9/23/2010,768.51
9/24/2010,150.48000000000002
9/25/2010,363.03
9/26/2010,611.55
9/27/2010,734.8
9/28/2010,797.01
9/29/2010,725.81
9/30/2010,870.3
10/1/2010,432.75
10/2/2010,260.4
10/3/2010,681.83
10/4/2010,764.9200000000001
10/5/2010,863.72
10/6/2010,559.09
10/7/2010,546.9
10/8/2010,474.95
10/9/2010,659.23
10/10/2010,1099.38
10/11/2010,605.93
10/12/2010,610.52
10/13/2010,580.9
10/14/2010,759.22
10/15/2010,692.4300000000001
10/16/2010,336.51
10/17/2010,777.04
10/18/2010,481.65999999999997
10/19/2010,838.67
10/20/2010,582.74
10/21/2010,589.98
10/22/2010,409.26
10/23/2010,94.61
10/24/2010,1037.55
10/25/2010,822.01
10/26/2010,767.17
10/27/2010,697.47
10/28/2010,757.66
10/29/2010,617.4
10/30/2010,562.98
10/31/2010,652.01
11/1/2010,586.85
11/2/2010,406.27
11/3/2010,799.57
11/4/2010,505.68
11/5/2010,387.03
11/6/2010,262.86
11/7/2010,879.98
11/8/2010,923.92
11/9/2010,623.31
11/10/2010,693.38
11/11/2010,636.77
11/12/2010,384.45000000000005
11/13/2010,311.57
11/14/2010,865.67
11/15/2010,763.96
11/16/2010,332.41
11/17/2010,904.81
11/18/2010,1129.78
11/19/2010,1091.23
11/20/2010,531.56
11/21/2010,468.64
11/22/2010,438.79
11/23/2010,326.17
11/24/2010,379.32
11/25/2010,255.88
11/26/2010,679.11
11/27/2010,390.78
11/28/2010,338.55
11/29/2010,377.6
11/30/2010,467.01
12/1/2010,597
12/2/2010,451.45
12/3/2010,460.68
12/4/2010,465.75
12/5/2010,716.28
12/6/2010,631
12/7/2010,689.9
12/8/2010,564.61
12/9/2010,1045.57
12/10/2010,605.89
12/11/2010,224.37
12/12/2010,814.86
12/13/2010,638.71
12/14/2010,649.13
12/15/2010,484.52
12/16/2010,540.24
12/17/2010,440.65
12/18/2010,817.8
12/19/2010,720.54
12/20/2010,597.06
12/21/2010,393.73
12/22/2010,662.9
12/23/2010,680.29
12/24/2010,704.8
12/25/2010,405.19
12/26/2010,686.5
12/27/2010,1036.03
12/28/2010,678.63
12/29/2010,710.12
12/30/2010,976.23
12/31/2010,330.86
1/1/2011,123.17
1/2/2011,424.28
1/3/2011,799.88
1/4/2011,648.79
1/5/2011,1058.62
1/6/2011,758.34
1/7/2011,551.0699999999999
1/8/2011,129.81
1/9/2011,264.58
1/10/2011,674.26
1/11/2011,714.59
1/12/2011,440.82000000000005
1/13/2011,781.0799999999999
1/14/2011,852.93
1/15/2011,485.14
1/16/2011,912
1/17/2011,372.15
1/18/2011,759.99
1/19/2011,1005.9
1/20/2011,496.31
1/21/2011,766.52
1/22/2011,765.88
1/23/2011,1388.72
1/24/2011,478.77
1/25/2011,509.59
1/26/2011,659.2
1/27/2011,343.3
1/28/2011,777.49
1/29/2011,607.49
1/30/2011,885.48
1/31/2011,432.38
2/1/2011,618.4399999999999
2/2/2011,495.71
2/3/2011,629.56
2/4/2011,476.34999999999997
2/5/2011,535.3
2/6/2011,632.81
2/7/2011,451.27
2/8/2011,353.22
2/9/2011,294.86
2/10/2011,379.99
2/11/2011,488.27
2/12/2011,755.65
2/13/2011,256.32
2/14/2011,1131.88
2/15/2011,838.72
2/16/2011,1033.76
2/17/2011,684.78
2/18/2011,725
2/19/2011,644.14
2/20/2011,472.63
2/21/2011,432.47
2/22/2011,638.07
2/23/2011,879.92
2/24/2011,709.49
2/25/2011,1202.29
2/26/2011,377.26
2/27/2011,418.96
2/28/2011,594.88
3/1/2011,803.75
3/2/2011,496.44
3/3/2011,998.02
3/4/2011,651.21
3/5/2011,289.81
3/6/2011,82.43
3/7/2011,687.78
3/8/2011,921.04
3/9/2011,702.49
3/10/2011,779.62
3/11/2011,755.71
3/12/2011,433.8
3/13/2011,344.39
3/14/2011,468.7
3/15/2011,590.56
3/16/2011,531.45
3/17/2011,651.87
3/18/2011,420
3/19/2011,391.19
3/20/2011,556.6899999999999
3/21/2011,922.41
3/22/2011,1292.51
3/23/2011,563.41
3/24/2011,1270.07
3/25/2011,637.48
3/26/2011,612.23
3/27/2011,436.52
3/28/2011,852.87
3/29/2011,935.06
3/30/2011,670.72
3/31/2011,525.06
4/1/2011,450.63
4/2/2011,379.94
4/3/2011,174.46
4/4/2011,690.97
4/5/2011,717.5600000000001
4/6/2011,463.72
4/7/2011,1124.68
4/8/2011,688.02
4/9/2011,643.29
4/10/2011,408.31
4/11/2011,891.5
4/12/2011,825.0699999999999
4/13/2011,699.0600000000001
4/14/2011,545.29
4/15/2011,1033.3
4/16/2011,590.9100000000001
4/17/2011,440.56
4/18/2011,770.13
4/19/2011,975.59
4/20/2011,897.26
4/21/2011,412.01
4/22/2011,717.5999999999999
4/23/2011,375.67
4/24/2011,403.77
4/25/2011,1420.45
4/26/2011,452.32
4/27/2011,449.12
4/28/2011,735.89
4/29/2011,521.17
4/30/2011,262.37
5/1/2011,593.45
5/2/2011,294.21
5/3/2011,124.46
5/4/2011,271.35
5/5/2011,756.32
5/6/2011,276.4
5/7/2011,537.45
5/8/2011,281.65
5/9/2011,472.83
5/10/2011,603.55
5/11/2011,843.37
5/12/2011,729.09
5/13/2011,369.53999999999996
5/14/2011,732.53
5/15/2011,558.46
5/16/2011,463.19
5/17/2011,714.94
5/18/2011,637.02
5/19/2011,632.88
5/20/2011,818.05
5/21/2011,297.07
5/22/2011,318.19
5/23/2011,766.33
5/24/2011,861.89
5/25/2011,657.29
5/26/2011,610.91
5/27/2011,825.5
5/28/2011,630.54
5/29/2011,536.87
5/30/2011,879.39
5/31/2011,540.07
6/1/2011,568.14
6/2/2011,369.18
6/3/2011,820.67
6/4/2011,496.45
6/5/2011,802.06
6/6/2011,688.51
6/7/2011,596.31
6/8/2011,575.62
6/9/2011,420.42
6/10/2011,834.06
6/11/2011,462.24
6/12/2011,670.84
6/13/2011,666.38
6/14/2011,914.68
6/15/2011,815.86
6/16/2011,318.92
6/17/2011,1015.86
6/18/2011,640.96
6/19/2011,221.68
6/20/2011,688.88
6/21/2011,849.99
6/22/2011,767.53
6/23/2011,875.65
6/24/2011,718.65
6/25/2011,73.64
6/26/2011,373.81
6/27/2011,1317.47
6/28/2011,569.37
6/29/2011,537.75
6/30/2011,907.86
7/1/2011,843.1800000000001
7/2/2011,470.52
7/3/2011,336.14
7/4/2011,344.1
7/5/2011,863.34
7/6/2011,719.15
7/7/2011,922.45
7/8/2011,626.67
7/9/2011,273.53999999999996
7/10/2011,135.27
7/11/2011,813.19
7/12/2011,950.31
7/13/2011,697.6
7/14/2011,692.56
7/15/2011,697.5
7/16/2011,433.09000000000003
7/17/2011,263.04
7/18/2011,790.22
7/19/2011,629.24
7/20/2011,907.47
7/21/2011,469.66
7/22/2011,768.98
7/23/2011,352.55
7/24/2011,380.56
7/25/2011,530.12
7/26/2011,255.57
7/27/2011,402.05
7/28/2011,138.22
7/29/2011,257.05
7/30/2011,547.73
7/31/2011,434.9
8/1/2011,495.08
8/2/2011,145.39
8/3/2011,431.26
8/4/2011,381.43
8/5/2011,388.86
8/6/2011,358.49
8/7/2011,253.85
8/8/2011,243.04
8/9/2011,468.08
8/10/2011,745.06
8/11/2011,888.96
8/12/2011,642.03
8/13/2011,498.69
8/14/2011,346.57
8/15/2011,769.19
8/16/2011,924.4300000000001
8/17/2011,723.21
8/18/2011,1009.14
8/19/2011,406.52
8/20/2011,559.3299999999999
8/21/2011,604.79
8/22/2011,691.1
8/23/2011,706.39
8/24/2011,591.08
8/25/2011,987.0799999999999
8/26/2011,623.03
8/27/2011,635.27
8/28/2011,350.56
8/29/2011,1100.04
8/30/2011,745.39
8/31/2011,1284.99
9/1/2011,795.8299999999999
9/2/2011,646.13
9/3/2011,553.87
9/4/2011,636.75
9/5/2011,465
9/6/2011,721.34
9/7/2011,534.86
9/8/2011,468.61
9/9/2011,501.63
9/10/2011,402.67
9/11/2011,248.77
9/12/2011,574.91
9/13/2011,944.73
9/14/2011,823.19
9/15/2011,662.87
9/16/2011,709.74
9/17/2011,547.99
9/18/2011,495.35
9/19/2011,633.71
9/20/2011,773.18
9/21/2011,398.4
9/22/2011,635
9/23/2011,684.0600000000001
9/24/2011,803.73
9/25/2011,398.47
9/26/2011,1011.79
9/27/2011,761.03
9/28/2011,553.96
9/29/2011,343.89
9/30/2011,668.5
10/1/2011,243.07999999999998
10/2/2011,521.79
10/3/2011,959.3399999999999
10/4/2011,386.43
10/5/2011,605.65
10/6/2011,1034.22
10/7/2011,848.66
10/8/2011,181.26
10/9/2011,334.18
10/10/2011,521.31
10/11/2011,352.39
10/12/2011,806.65
10/13/2011,542.64
10/14/2011,709.98
10/15/2011,722.54
10/16/2011,315.64
10/17/2011,666.27
10/18/2011,871.63
10/19/2011,485.11
10/20/2011,797.98
10/21/2011,631.66
10/22/2011,13.31
10/23/2011,411.45
10/24/2011,553.77
10/25/2011,741.54
10/26/2011,559.1800000000001
10/27/2011,783.9
10/28/2011,590.43
10/29/2011,401.77
10/30/2011,307.90999999999997
10/31/2011,865.71
11/1/2011,788.07
11/2/2011,993.59
11/3/2011,660.4
11/4/2011,917.2900000000001
11/5/2011,655.4
11/6/2011,683.26
11/7/2011,453.03
11/8/2011,499.34999999999997
11/9/2011,964.41
11/10/2011,838.51
11/11/2011,1124.41
11/12/2011,606.64
11/13/2011,241.65
11/14/2011,659.63
11/15/2011,777.8199999999999
11/16/2011,476.53
11/17/2011,351.4
11/18/2011,835.4
11/19/2011,675.45
11/20/2011,402.88
11/21/2011,582.63
11/22/2011,839.96
11/23/2011,199.35
11/24/2011,366.71000000000004
11/25/2011,583.16
11/26/2011,609.2
11/27/2011,219.47
11/28/2011,741.45
11/29/2011,656.43
11/30/2011,552.15
12/1/2011,762.28
12/2/2011,619.36
12/3/2011,302.07
12/4/2011,435.48
12/5/2011,563.5
12/6/2011,927.3299999999999
12/7/2011,968.23
12/8/2011,766.63
12/9/2011,503.84
12/10/2011,244.49
12/11/2011,512.12
12/12/2011,711.48
12/13/2011,730.88
12/14/2011,676.61
12/15/2011,872.85
12/16/2011,854.38
12/17/2011,350.74
12/18/2011,719.51
12/19/2011,836.84
12/20/2011,963.27
12/21/2011,726.08
12/22/2011,706.89
12/23/2011,601.77
12/24/2011,310.4
12/25/2011,701.4399999999999
12/26/2011,580.72
12/27/2011,598.47
12/28/2011,793.19
12/29/2011,792.86
12/30/2011,573.36
12/31/2011,547.19
1/1/2012,405.3
1/2/2012,418.52
1/3/2012,337.55
1/4/2012,621.32
1/5/2012,558.05
1/6/2012,788.35
1/7/2012,700.72
1/8/2012,269.93
1/9/2012,309.5
1/10/2012,921.46
1/11/2012,406.23
1/12/2012,592.3
1/13/2012,1500.73
1/14/2012,767.96
1/15/2012,526.17
1/16/2012,154.72
1/17/2012,410.68
1/18/2012,714.4
1/19/2012,844.58
1/20/2012,644.7
1/21/2012,578.38
1/22/2012,302.66999999999996
1/23/2012,196.31
1/24/2012,659.21
1/25/2012,717.48
1/26/2012,1087.16
1/27/2012,719.53
1/28/2012,665.23
1/29/2012,279.63
1/30/2012,316.9
1/31/2012,625.6700000000001
2/1/2012,954.09
2/2/2012,892.1
2/3/2012,782.48
2/4/2012,1075.44
2/5/2012,1286.6200000000001
2/6/2012,671.11
2/7/2012,697.55
2/8/2012,631.8199999999999
2/9/2012,443.39
2/10/2012,1097.89
2/11/2012,706.3
2/12/2012,346.73
2/13/2012,599.12
2/14/2012,669.6700000000001
2/15/2012,877.13
2/16/2012,399.96
2/17/2012,727.33
2/18/2012,897.88
2/19/2012,621.84
2/20/2012,126.93
2/21/2012,663.42
2/22/2012,701.25
2/23/2012,754.08
2/24/2012,786.71
2/25/2012,417.15000000000003
2/26/2012,154.01
2/27/2012,258.71
2/28/2012,755.1700000000001
2/29/2012,0
3/1/2012,681.39
3/2/2012,1134.13
3/3/2012,1014.4
3/4/2012,543.92
3/5/2012,364.17
3/6/2012,808.5
3/7/2012,698.25
3/8/2012,458.18
3/9/2012,795.27
3/10/2012,699.9300000000001
3/11/2012,865.74
3/12/2012,597.31
3/13/2012,891.76
3/14/2012,556.15
3/15/2012,750.84
3/16/2012,708.08
3/17/2012,682.72
3/18/2012,424.85
3/19/2012,420.73
3/20/2012,1124.29
3/21/2012,832.21
3/22/2012,758.32
3/23/2012,608.6
3/24/2012,490.01
3/25/2012,335.26
3/26/2012,436.7
3/27/2012,1044.36
3/28/2012,671.04
3/29/2012,677.08
3/30/2012,712.02
3/31/2012,342.17
4/1/2012,450.3
4/2/2012,488.16
4/3/2012,823.4
4/4/2012,295.92
4/5/2012,1107.1
4/6/2012,749.59
4/7/2012,694.48
4/8/2012,535.82
4/9/2012,567.69
4/10/2012,803.6
4/11/2012,673.57
4/12/2012,447.53
4/13/2012,827.31
4/14/2012,824.24
4/15/2012,196.54000000000002
4/16/2012,383.45000000000005
4/17/2012,887.12
4/18/2012,750.57
4/19/2012,511.12
4/20/2012,779.14
4/21/2012,622.26
4/22/2012,510.08
4/23/2012,628.53
4/24/2012,553.11
4/25/2012,1033.08
4/26/2012,649.0799999999999
4/27/2012,909.65
4/28/2012,460.37
4/29/2012,358.7
4/30/2012,313.67
5/1/2012,692.21
5/2/2012,406.53
5/3/2012,830.36
5/4/2012,696.97
5/5/2012,801.8100000000001
5/6/2012,755.94
5/7/2012,337.67
5/8/2012,487.03999999999996
5/9/2012,755.17
5/10/2012,870.39
5/11/2012,692.5
5/12/2012,821.01
5/13/2012,171.17
5/14/2012,249.81
5/15/2012,349.4
5/16/2012,472.03000000000003
5/17/2012,655.3
5/18/2012,564.34
5/19/2012,548.57
5/20/2012,794.98
5/21/2012,1068.05
5/22/2012,432.84999999999997
5/23/2012,485.53999999999996
5/24/2012,640.96
5/25/2012,473.12
5/26/2012,547.05
5/27/2012,271.82
5/28/2012,616
5/29/2012,627.17
5/30/2012,827.34
5/31/2012,775.61
6/1/2012,904.8
6/2/2012,677.83
6/3/2012,502.07
6/4/2012,713.32
6/5/2012,664.78
6/6/2012,588.44
6/7/2012,938.23
6/8/2012,688.64
6/9/2012,576.19
6/10/2012,329.78999999999996
6/11/2012,248.62
6/12/2012,485.97
6/13/2012,563.09
6/14/2012,556.39
6/15/2012,477.25
6/16/2012,511.5
6/17/2012,113.41
6/18/2012,364.07
6/19/2012,426.15
6/20/2012,437.68
6/21/2012,814.73
6/22/2012,1180.11
6/23/2012,1120.82
6/24/2012,313.57
6/25/2012,287.89
6/26/2012,916.5999999999999
6/27/2012,797.24
6/28/2012,411.41
6/29/2012,903.89
6/30/2012,569.8199999999999
7/1/2012,845.72
7/2/2012,159.03
7/3/2012,162.18
7/4/2012,438.62
7/5/2012,525.74
7/6/2012,245.81
7/7/2012,564.57
7/8/2012,342.94
7/9/2012,311.6
7/10/2012,445.56
7/11/2012,181.76
7/12/2012,419.33
7/13/2012,477.65000000000003
7/14/2012,136.05
7/15/2012,588.4
7/16/2012,514.24
7/17/2012,681.61
7/18/2012,889.84
7/19/2012,494.75
7/20/2012,291.83
7/21/2012,215.59
7/22/2012,584.64
7/23/2012,562.28
7/24/2012,528.68
7/25/2012,662.22
7/26/2012,827.9
7/27/2012,599.02
7/28/2012,1007.05
7/29/2012,373.92
7/30/2012,231.57999999999998
7/31/2012,798.11
8/1/2012,724.7
8/2/2012,818.48
8/3/2012,802.59
8/4/2012,634.12
8/5/2012,735.16
8/6/2012,324.79
8/7/2012,633.01
8/8/2012,761.58
8/9/2012,726.82
8/10/2012,739.9300000000001
8/11/2012,651.69
8/12/2012,474.21999999999997
8/13/2012,467.72
8/14/2012,621.8199999999999
8/15/2012,414.94
8/16/2012,948.83
8/17/2012,383.01
8/18/2012,701.25
8/19/2012,519.66
8/20/2012,460.01
8/21/2012,502.66
8/22/2012,1101.73
8/23/2012,856.22
8/24/2012,700.7
8/25/2012,712.06
8/26/2012,395.01
8/27/2012,217.35
8/28/2012,949.4
8/29/2012,877.49
8/30/2012,1043.82
8/31/2012,728.23
9/1/2012,791.97
9/2/2012,484.86
9/3/2012,537.19
9/4/2012,436.93
9/5/2012,604.91
9/6/2012,937.6800000000001
9/7/2012,430.68
9/8/2012,932.01
9/9/2012,119.56
9/10/2012,655.59
9/11/2012,643.68
9/12/2012,405.97
9/13/2012,757.27
9/14/2012,633.33
9/15/2012,777.93
9/16/2012,288.07
9/17/2012,677.34
9/18/2012,686.95
9/19/2012,392.35999999999996
9/20/2012,427.28999999999996
9/21/2012,721
9/22/2012,331.6
9/23/2012,652.09
9/24/2012,442.03999999999996
9/25/2012,386.18
9/26/2012,436.81
9/27/2012,517.8
9/28/2012,1174.53
9/29/2012,866.5
9/30/2012,475.96
10/1/2012,641.74
10/2/2012,829.57
10/3/2012,583.43
10/4/2012,313.59000000000003
10/5/2012,439.27
10/6/2012,897.59
10/7/2012,476.67
10/8/2012,574.38
10/9/2012,840.48
10/10/2012,903.11
10/11/2012,400.84000000000003
10/12/2012,428
10/13/2012,884.72
10/14/2012,380.94
10/15/2012,52.07
10/16/2012,547.05
10/17/2012,897.74
10/18/2012,909.6800000000001
10/19/2012,761.76
10/20/2012,679.2
10/21/2012,556.39
10/22/2012,778.95
10/23/2012,820.23
10/24/2012,862.8299999999999
10/25/2012,592.33
10/26/2012,452.97
10/27/2012,561.82
10/28/2012,420.69
10/29/2012,136.91
10/30/2012,828.75
10/31/2012,780.44
11/1/2012,1060.03
11/2/2012,1063.19
11/3/2012,799.6899999999999
11/4/2012,547.7
11/5/2012,714.86
11/6/2012,652.13
11/7/2012,670.5699999999999
11/8/2012,711.34
11/9/2012,1020.16
11/10/2012,570.22
11/11/2012,441.65999999999997
11/12/2012,530.45
11/13/2012,734.9
11/14/2012,723.94
11/15/2012,701.87
11/16/2012,838.88
11/17/2012,396.51
11/18/2012,514.64
11/19/2012,159.71
11/20/2012,593.45
11/21/2012,951.98
11/22/2012,580.05
11/23/2012,298.77
11/24/2012,645.63
11/25/2012,215.74
11/26/2012,261.13
11/27/2012,799.71
11/28/2012,776.6700000000001
11/29/2012,782.46
11/30/2012,335.68
12/1/2012,740.73
12/2/2012,505.65999999999997
12/3/2012,380.9
12/4/2012,362.9
12/5/2012,1269.01
12/6/2012,627.22
12/7/2012,701.1800000000001
12/8/2012,445.02
12/9/2012,582.28
12/10/2012,382.45
12/11/2012,721.12
12/12/2012,779.25
12/13/2012,643.15
12/14/2012,239.45
12/15/2012,880.74
12/16/2012,296.43
12/17/2012,555.25
12/18/2012,894.38
12/19/2012,570.79
12/20/2012,709.81
12/21/2012,950.11
12/22/2012,1014.84
12/23/2012,517.8199999999999
12/24/2012,345.29
12/25/2012,272.65999999999997
12/26/2012,526.3
12/27/2012,861.17
12/28/2012,670.11
12/29/2012,563.11
12/30/2012,460.57
12/31/2012,467.3
1/1/2013,792.61
1/2/2013,103.03
1/3/2013,675.22
1/4/2013,576.98
1/5/2013,788.26
1/6/2013,981.92
1/7/2013,571.86
1/8/2013,488.58000000000004
1/9/2013,148.65
1/10/2013,732.86
1/11/2013,854.78
1/12/2013,461.68
1/13/2013,792.9
1/14/2013,905.98
1/15/2013,252.29000000000002
1/16/2013,755.33
1/17/2013,596.32
1/18/2013,708.29
1/19/2013,947.5799999999999
1/20/2013,348.34
1/21/2013,778.32
1/22/2013,241.46
1/23/2013,315.74
1/24/2013,661.38
1/25/2013,596.1899999999999
1/26/2013,929.66
1/27/2013,981.57
1/28/2013,443.1
1/29/2013,248.48
1/30/2013,556.09
1/31/2013,670.72
2/1/2013,503.58
2/2/2013,551.95
2/3/2013,582.14
2/4/2013,850.08
2/5/2013,595.67
2/6/2013,489.63
2/7/2013,550.49
2/8/2013,659.6
2/9/2013,835.4
2/10/2013,742
2/11/2013,1251.15
2/12/2013,540.95
2/13/2013,479.27
2/14/2013,582.83
2/15/2013,863.1700000000001
2/16/2013,634.29
2/17/2013,626.37
2/18/2013,775.77
2/19/2013,910.79
2/20/2013,567.26
2/21/2013,587.53
2/22/2013,707.71
2/23/2013,568.86
2/24/2013,548.12
2/25/2013,655.75
2/26/2013,683.16
2/27/2013,543.43
2/28/2013,993.94
3/1/2013,596.79
3/2/2013,950.88
3/3/2013,630.58
3/4/2013,801.59
3/5/2013,290.88
3/6/2013,537.9499999999999
3/7/2013,897.62
3/8/2013,860.79
3/9/2013,527.06
3/10/2013,726.96
3/11/2013,623.4200000000001
3/12/2013,426.42
3/13/2013,167.55
3/14/2013,551.39
3/15/2013,734.6899999999999
3/16/2013,681.88
3/17/2013,755.76
3/18/2013,791.4
3/19/2013,433.64
3/20/2013,418.2
3/21/2013,786.5
3/22/2013,874.09
3/23/2013,757.6
3/24/2013,754.98
3/25/2013,644.14
3/26/2013,242.48
3/27/2013,676.52
3/28/2013,580.4
3/29/2013,929.99
3/30/2013,898.77
3/31/2013,888.29
4/1/2013,837.62
4/2/2013,457.55
4/3/2013,542.74
4/4/2013,806.03
4/5/2013,817.81
4/6/2013,836.92
4/7/2013,714.99
4/8/2013,963.04
4/9/2013,272.41
4/10/2013,387.06
4/11/2013,551.47
4/12/2013,466.93
4/13/2013,763.38
4/14/2013,618.39
4/15/2013,1174.07
4/16/2013,859.76
4/17/2013,468.88
4/18/2013,1143.68
4/19/2013,613.5699999999999
4/20/2013,632.99
4/21/2013,1000.84
4/22/2013,772.97
4/23/2013,524.74
4/24/2013,282.26
4/25/2013,637.08
4/26/2013,447.09999999999997
4/27/2013,867.71
4/28/2013,776.48
4/29/2013,817.13
4/30/2013,372.94
5/1/2013,427.58
5/2/2013,486.04
5/3/2013,646.4
5/4/2013,770.13
5/5/2013,1257.5
5/6/2013,843.09
5/7/2013,1099.07
5/8/2013,212.07999999999998
5/9/2013,769.3
5/10/2013,493.28
5/11/2013,528.89
5/12/2013,775.16
5/13/2013,690.35
5/14/2013,435.32
5/15/2013,449.8
5/16/2013,896.43
5/17/2013,641.42
5/18/2013,708.78
5/19/2013,815.29
5/20/2013,796.7
5/21/2013,134.07
5/22/2013,501.66
5/23/2013,680.45
5/24/2013,950.76
5/25/2013,996.79
5/26/2013,662.85
5/27/2013,916.5
5/28/2013,466.23
5/29/2013,1284.26
5/30/2013,195.36
5/31/2013,223.99
6/1/2013,552.36
6/2/2013,550.0699999999999
6/3/2013,622.1600000000001
6/4/2013,614.47
6/5/2013,397.78999999999996
6/6/2013,466.23
6/7/2013,604.63
6/8/2013,316.86
6/9/2013,655.78
6/10/2013,505.87
6/11/2013,634.3
6/12/2013,493
6/13/2013,480.7
6/14/2013,433.25
6/15/2013,578.89
6/16/2013,534.81
6/17/2013,494.3
6/18/2013,573.68
6/19/2013,254.25
6/20/2013,164.08
6/21/2013,218.91000000000003
6/22/2013,828.07
6/23/2013,494.64
6/24/2013,655.73
6/25/2013,261.03
6/26/2013,245.32999999999998
6/27/2013,913.45
6/28/2013,1063.79
6/29/2013,671.01
6/30/2013,923.97
7/1/2013,487.71000000000004
7/2/2013,732.33
7/3/2013,509.19
7/4/2013,630.89
7/5/2013,923.49
7/6/2013,810.12
7/7/2013,992.14
7/8/2013,1008.68
7/9/2013,274.92
7/10/2013,730.56
7/11/2013,580.4200000000001
7/12/2013,643.69
7/13/2013,679.51
7/14/2013,1078.94
7/15/2013,266.37
7/16/2013,1407.23
7/17/2013,542.5600000000001
7/18/2013,549.97
7/19/2013,493.75
7/20/2013,216.82
7/21/2013,836.52
7/22/2013,393.16
7/23/2013,430.36
7/24/2013,21.169999999999998
7/25/2013,626.62
7/26/2013,511.38
7/27/2013,485.97
7/28/2013,406.58
7/29/2013,639.97
7/30/2013,478.04
7/31/2013,236.12
8/1/2013,814.2
8/2/2013,363.82
8/3/2013,716.9
8/4/2013,417.65999999999997
8/5/2013,450.53000000000003
8/6/2013,1085.74
8/7/2013,600.04
8/8/2013,567.77
8/9/2013,1135.42
8/10/2013,805.97
8/11/2013,750.59
8/12/2013,599.96
8/13/2013,499.6
8/14/2013,747.1
8/15/2013,395.91
8/16/2013,640.75
8/17/2013,588.48
8/18/2013,565.36
8/19/2013,355.42
8/20/2013,293.01
8/21/2013,533.58
8/22/2013,149.31
8/23/2013,496.19
8/24/2013,927.84
8/25/2013,565.88
8/26/2013,533.67
8/27/2013,280.57
8/28/2013,382.03999999999996
8/29/2013,414.68
8/30/2013,572.2
8/31/2013,515.34
9/1/2013,668.55
9/2/2013,967.68
9/3/2013,895.0799999999999
9/4/2013,455.62
9/5/2013,532.34
9/6/2013,450.59000000000003
9/7/2013,628.09
9/8/2013,721.84
9/9/2013,601.11
9/10/2013,109.55
9/11/2013,471.15999999999997
9/12/2013,651.03
9/13/2013,582.08
9/14/2013,994.67
9/15/2013,612.22
9/16/2013,1521.21
9/17/2013,338.21
9/18/2013,682.42
9/19/2013,430.52
9/20/2013,8.64
9/21/2013,321.98
9/22/2013,470.67
9/23/2013,420.46999999999997
9/24/2013,447.24
9/25/2013,407.56
9/26/2013,309.89
9/27/2013,262.6
9/28/2013,416.08
9/29/2013,132.59
9/30/2013,638.05
10/1/2013,320.54
10/2/2013,391.81
10/3/2013,412.63
10/4/2013,403.97
10/5/2013,539.48
10/6/2013,122.42
10/7/2013,563.29
10/8/2013,903.24
10/9/2013,859.3100000000001
10/10/2013,814.33
10/11/2013,659.13
10/12/2013,549.89
10/13/2013,1076.1100000000001
10/14/2013,868.41
10/15/2013,409.44
10/16/2013,151.46
10/17/2013,622.08
10/18/2013,604.51
10/19/2013,455.28999999999996
10/20/2013,410.62
10/21/2013,835.6800000000001
10/22/2013,810.03
10/23/2013,896.91
10/24/2013,845.87
10/25/2013,684.9300000000001
10/26/2013,764.84
10/27/2013,984.25
10/28/2013,527.32
10/29/2013,624.28
10/30/2013,462.45
10/31/2013,856.61
11/1/2013,542.22
11/2/2013,688.25
11/3/2013,764.13
11/4/2013,651.26
11/5/2013,484.07
11/6/2013,521.33
11/7/2013,696.58
11/8/2013,952.39
11/9/2013,841.98
11/10/2013,994.71
11/11/2013,785.5
11/12/2013,502.84999999999997
11/13/2013,413.65999999999997
11/14/2013,941.09
11/15/2013,1732.13
11/16/2013,775.78
11/17/2013,870.94
11/18/2013,1202.42
11/19/2013,158.87
11/20/2013,278.89
11/21/2013,850.05
11/22/2013,760.9
11/23/2013,594.01
11/24/2013,683.62
11/25/2013,624.26
11/26/2013,624.19
11/27/2013,217.4
11/28/2013,737.04
11/29/2013,827.4100000000001
11/30/2013,1052.5
12/1/2013,899.4
12/2/2013,575.75
12/3/2013,999.67
12/4/2013,10.87
12/5/2013,658.02
12/6/2013,325.13
12/7/2013,517.76
12/8/2013,724.23
12/9/2013,654.45
12/10/2013,546.91
12/11/2013,418.32
12/12/2013,964.75
12/13/2013,582.19
12/14/2013,454.64
12/15/2013,868.26
12/16/2013,734.52
12/17/2013,375.84000000000003
12/18/2013,431.74
12/19/2013,1010.21
12/20/2013,891.13
12/21/2013,775.72
12/22/2013,629.64
12/23/2013,856.8499999999999
12/24/2013,182.03
12/25/2013,645.01
12/26/2013,835.06
12/27/2013,332.12
12/28/2013,455.33
12/29/2013,760.74
12/30/2013,732.55
12/31/2013,229.73000000000002
1/1/2014,296.22
1/2/2014,575.89
1/3/2014,922.79
1/4/2014,880.2900000000001
1/5/2014,736.97
1/6/2014,1005.34
1/7/2014,920.04
1/8/2014,379.54
1/9/2014,684.49
1/10/2014,560.22
1/11/2014,747.9
1/12/2014,763.94
1/13/2014,943.14
1/14/2014,477.67999999999995
1/15/2014,239.37
1/16/2014,424.14
1/17/2014,696.85
1/18/2014,398.25
1/19/2014,757.64
1/20/2014,1084
1/21/2014,856.6
1/22/2014,615.49
1/23/2014,450.11
1/24/2014,932.09
1/25/2014,707.42
1/26/2014,561.7
1/27/2014,853.65
1/28/2014,943.53
1/29/2014,409.59000000000003
1/30/2014,80.18
1/31/2014,973.78
2/1/2014,895.89
2/2/2014,736.11
2/3/2014,944.38
2/4/2014,714.96
2/5/2014,233.06
2/6/2014,512.18
2/7/2014,986.07
2/8/2014,740.5600000000001
2/9/2014,824.39
2/10/2014,704.29
2/11/2014,621.87
2/12/2014,455.15
2/13/2014,202.61
2/14/2014,758.98
2/15/2014,1072.76
2/16/2014,465.7
2/17/2014,461.27
2/18/2014,759.6
2/19/2014,246.03
2/20/2014,390.24
2/21/2014,394.7
2/22/2014,878.43
2/23/2014,812.94
2/24/2014,904.23
2/25/2014,138.25
2/26/2014,127.91
2/27/2014,488.58
2/28/2014,998.2
3/1/2014,973.58
3/2/2014,1708.52
3/3/2014,759.47
3/4/2014,967.37
3/5/2014,55.22
3/6/2014,289.78
3/7/2014,778.98
3/8/2014,954.69
3/9/2014,870.0799999999999
3/10/2014,688.3299999999999
3/11/2014,994.13
3/12/2014,619.14
3/13/2014,824.94
3/14/2014,519.81
3/15/2014,893.89
3/16/2014,680.78
3/17/2014,748.47
3/18/2014,459.05
3/19/2014,565.19
3/20/2014,1199.72
3/21/2014,527.27
3/22/2014,525.96
3/23/2014,376.61
3/24/2014,498.38
3/25/2014,680.97
3/26/2014,524.26
3/27/2014,428.47
3/28/2014,559.46
3/29/2014,333.78
3/30/2014,517.8199999999999
3/31/2014,770.53
4/1/2014,719.4300000000001
4/2/2014,911.3299999999999
4/3/2014,576.03
4/4/2014,819.69
4/5/2014,1041.35
4/6/2014,344.31
4/7/2014,805.52
4/8/2014,847.21
4/9/2014,568.73
4/10/2014,644.76
4/11/2014,890.6800000000001
4/12/2014,707.0699999999999
4/13/2014,674.3
4/14/2014,1007.37
4/15/2014,801.77
4/16/2014,584.81
4/17/2014,407.07
4/18/2014,831.64
4/19/2014,911.26
4/20/2014,704.19
4/21/2014,522.3100000000001
4/22/2014,582.87
4/23/2014,376.01
4/24/2014,98.26
4/25/2014,999.86
4/26/2014,759.29
4/27/2014,704.41
4/28/2014,671.67
4/29/2014,400.56
4/30/2014,387.92
5/1/2014,256.4
5/2/2014,913.51
5/3/2014,531.76
5/4/2014,767.62
5/5/2014,622.35
5/6/2014,784.4
5/7/2014,609.22
5/8/2014,618.53
5/9/2014,806.98
5/10/2014,626.88
5/11/2014,667.9200000000001
5/12/2014,615.63
5/13/2014,419.09
5/14/2014,359.61
5/15/2014,585.6
5/16/2014,423.99
5/17/2014,514.19
5/18/2014,283.55
5/19/2014,488.35
5/20/2014,314.95
5/21/2014,515.13
5/22/2014,397.95
5/23/2014,289.16
5/24/2014,430.44
5/25/2014,689.51
5/26/2014,422.68
5/27/2014,489.42
5/28/2014,719.72
5/29/2014,399.09000000000003
5/30/2014,413.5
5/31/2014,607.39
6/1/2014,356.2
6/2/2014,503.85
6/3/2014,746.98
6/4/2014,384.43
6/5/2014,532.4
6/6/2014,655.73
6/7/2014,633.61
6/8/2014,567.72
6/9/2014,513.5
6/10/2014,767.25
6/11/2014,651.62
6/12/2014,565.95
6/13/2014,1106.89
6/14/2014,1118.72
6/15/2014,663.92
6/16/2014,636.95
6/17/2014,825.0699999999999
6/18/2014,335.69
6/19/2014,399.29
6/20/2014,482.81
6/21/2014,151.15
6/22/2014,44.53
6/23/2014,90.52
6/24/2014,1140.53
6/25/2014,159.47
6/26/2014,525.5
6/27/2014,567.45
6/28/2014,964.3299999999999
6/29/2014,635.53
6/30/2014,1007.91
7/1/2014,808.29
7/2/2014,419.69
7/3/2014,396.14
7/4/2014,306.15
7/5/2014,501.55
7/6/2014,736.3
7/7/2014,422.94
7/8/2014,888.0699999999999
7/9/2014,500.92
7/10/2014,276.64
7/11/2014,1067.09
7/12/2014,906.3
7/13/2014,592.67
7/14/2014,659.91
7/15/2014,1077.16
7/16/2014,286.34000000000003
7/17/2014,764.91
7/18/2014,602.04
7/19/2014,808.5
7/20/2014,1087.95
7/21/2014,958.88
7/22/2014,844.81
7/23/2014,408.92
7/24/2014,295.31
7/25/2014,556.22
7/26/2014,893.74
7/27/2014,567.73
7/28/2014,863.73
7/29/2014,773.42
7/30/2014,556.99
7/31/2014,189.03
8/1/2014,203.13
8/2/2014,972.92
8/3/2014,520.53
8/4/2014,203
8/5/2014,651.54
8/6/2014,379.54
8/7/2014,279.84000000000003
8/8/2014,641.05
8/9/2014,812.14
8/10/2014,814.08
8/11/2014,743.15
8/12/2014,426.73
8/13/2014,573.51
8/14/2014,268.53999999999996
8/15/2014,411.85
8/16/2014,360.58
8/17/2014,325.24
8/18/2014,303.69
8/19/2014,374.59
8/20/2014,512.05
8/21/2014,674.09
8/22/2014,285.04
8/23/2014,938.09
8/24/2014,480.88
8/25/2014,384.90999999999997
8/26/2014,547.47
8/27/2014,592.23
8/28/2014,317.68
8/29/2014,548.96
8/30/2014,301.53
8/31/2014,532.37
9/1/2014,884.96
9/2/2014,558.43
9/3/2014,290.62
9/4/2014,593.23
9/5/2014,361.37
9/6/2014,722.22
9/7/2014,1111.39
9/8/2014,723.59
9/9/2014,622.31
9/10/2014,639.29
9/11/2014,371.98
9/12/2014,562.79
9/13/2014,458.08000000000004
9/14/2014,928.1
9/15/2014,1041.28
9/16/2014,960.52
9/17/2014,139.82
9/18/2014,334.71999999999997
9/19/2014,1148.81
9/20/2014,664.84
9/21/2014,821.11
9/22/2014,760.5
9/23/2014,1156.4
9/24/2014,99.72
9/25/2014,548.78
9/26/2014,761.02
9/27/2014,951.53
9/28/2014,737.93
9/29/2014,676.48
9/30/2014,787.47
10/1/2014,696.78
10/2/2014,130.51999999999998
10/3/2014,405.33
10/4/2014,425.7
10/5/2014,797.73
10/6/2014,703.12
10/7/2014,579.54
10/8/2014,381.06
10/9/2014,1242.39
10/10/2014,213.62
10/11/2014,737.49
10/12/2014,640.3199999999999
10/13/2014,309.16
10/14/2014,415.85
10/15/2014,553.69
10/16/2014,255.26
10/17/2014,432.13
10/18/2014,777.44
10/19/2014,297.58
10/20/2014,314.58000000000004
10/21/2014,459.71000000000004
10/22/2014,476.34999999999997
10/23/2014,699.13
10/24/2014,798.2099999999999
10/25/2014,908.61
10/26/2014,639.56
10/27/2014,729.5
10/28/2014,231.43
10/29/2014,396.82
10/30/2014,89.49000000000001
10/31/2014,783.44
11/1/2014,661.01
11/2/2014,612.62
11/3/2014,618.75
11/4/2014,637.66
11/5/2014,710.29
11/6/2014,171.17
11/7/2014,652.44
11/8/2014,1224.29
11/9/2014,669.87
11/10/2014,862.24
11/11/2014,637.25
11/12/2014,470.36
11/13/2014,302.13
11/14/2014,432.53
11/15/2014,602.1700000000001
11/16/2014,918.86
11/17/2014,833.33
11/18/2014,1003
11/19/2014,288.06
11/20/2014,567.85
11/21/2014,476.48
11/22/2014,974.76
11/23/2014,913.76
11/24/2014,423.13
11/25/2014,585.95
11/26/2014,436.58
11/27/2014,404.65999999999997
11/28/2014,1000.58
11/29/2014,822.4200000000001
11/30/2014,890.1800000000001
12/1/2014,779.44
12/2/2014,763.31
12/3/2014,209.05
12/4/2014,329.21
12/5/2014,834.38
12/6/2014,940.35
12/7/2014,530.63
12/8/2014,743.75
12/9/2014,925.13
12/10/2014,523.27
12/11/2014,267.03000000000003
12/12/2014,854.95
12/13/2014,801.71
12/14/2014,727.6
12/15/2014,1135.22
12/16/2014,570.8
12/17/2014,1017.03
12/18/2014,842.51
12/19/2014,591.6
12/20/2014,850.96
12/21/2014,551.38
12/22/2014,547.97
12/23/2014,728.1700000000001
12/24/2014,333
12/25/2014,632.51
12/26/2014,620.99
12/27/2014,490.56
12/28/2014,738.34
12/29/2014,471.45
12/30/2014,829.21
12/31/2014,373.98
1/1/2015,597.17
1/2/2015,153.56
1/3/2015,847.9
1/4/2015,576.29
1/5/2015,622.14
1/6/2015,655.29
1/7/2015,701.27
1/8/2015,260.42
1/9/2015,404.34
1/10/2015,258.3
1/11/2015,758.78
1/12/2015,772.31
1/13/2015,553.75
1/14/2015,675.93
1/15/2015,349.5
1/16/2015,279.88
1/17/2015,553.91
1/18/2015,1035.04
1/19/2015,711.13
1/20/2015,793.15
1/21/2015,723.93
1/22/2015,144.03
1/23/2015,385.99
1/24/2015,752.45
1/25/2015,649.17
1/26/2015,891.6800000000001
1/27/2015,900.05
1/28/2015,597.2
1/29/2015,538.74
1/30/2015,61.160000000000004
1/31/2015,390.43
2/1/2015,336.28999999999996
2/2/2015,602.91
2/3/2015,728.78
2/4/2015,824.6899999999999
2/5/2015,167.03
2/6/2015,110.59
2/7/2015,1118.04
2/8/2015,653.71
2/9/2015,539.83
2/10/2015,686.52
2/11/2015,856.22
2/12/2015,895.84
2/13/2015,156.67
2/14/2015,404.90999999999997
2/15/2015,631.54
2/16/2015,861.55
2/17/2015,969.48
2/18/2015,457.05
2/19/2015,567.02
2/20/2015,363.32
2/21/2015,473.75
2/22/2015,611.54
2/23/2015,883.1800000000001
2/24/2015,455.43
2/25/2015,665.26
2/26/2015,297.14
2/27/2015,356.58
2/28/2015,771.67
3/1/2015,657.58
3/2/2015,735.9200000000001
3/3/2015,966.76
3/4/2015,798.09
3/5/2015,622.03
3/6/2015,241.46
3/7/2015,647.05
3/8/2015,633.74
3/9/2015,694.28
3/10/2015,457.43
3/11/2015,1076.32
3/12/2015,178.84
3/13/2015,502.73
3/14/2015,787.65
3/15/2015,598.55
3/16/2015,455.67
3/17/2015,548.62
3/18/2015,894.38
3/19/2015,456.42
3/20/2015,160.04
3/21/2015,997.38
3/22/2015,1137.72
3/23/2015,599.95
3/24/2015,993.7
3/25/2015,1054.09
3/26/2015,258.88
3/27/2015,473.18
3/28/2015,611.8
3/29/2015,763.69
3/30/2015,985.07
3/31/2015,503.7
4/1/2015,524.12
4/2/2015,397.62
4/3/2015,377.9
4/4/2015,1152.48
4/5/2015,1053.46
4/6/2015,728.54
4/7/2015,637.5
4/8/2015,508.85
4/9/2015,396.59000000000003
4/10/2015,377.59
4/11/2015,667.06
4/12/2015,475.94
4/13/2015,776.72
4/14/2015,571.73
4/15/2015,705.95
4/16/2015,595.63
4/17/2015,823.32
4/18/2015,1036.13
4/19/2015,898.49
4/20/2015,733.8100000000001
4/21/2015,876.23
4/22/2015,819.1800000000001
4/23/2015,466.08
4/24/2015,354.57
4/25/2015,694.85
4/26/2015,765.88
4/27/2015,794.5
4/28/2015,656.03
4/29/2015,503.65
4/30/2015,330.92
5/1/2015,352.54
5/2/2015,849.76
5/3/2015,814.53
5/4/2015,995.61
5/5/2015,498.15
5/6/2015,607.91
5/7/2015,527.74
5/8/2015,496.52
5/9/2015,713.7
5/10/2015,914.01
5/11/2015,605.53
5/12/2015,598.96
5/13/2015,795.38
5/14/2015,254.37
5/15/2015,457.90000000000003
5/16/2015,1121.8899999999999
5/17/2015,779.03
5/18/2015,856.72
5/19/2015,1097.87
5/20/2015,604.47
5/21/2015,181.59
5/22/2015,315.27
5/23/2015,735.6
5/24/2015,975.78
5/25/2015,1138.5
5/26/2015,597.29
5/27/2015,711.62
5/28/2015,555.24
5/29/2015,465
5/30/2015,599.96
5/31/2015,1210.73
6/1/2015,559.48
6/2/2015,733.33
6/3/2015,526.3
6/4/2015,665.52
6/5/2015,286.52
6/6/2015,791.21
6/7/2015,733.18
6/8/2015,871.62
6/9/2015,817.5600000000001
6/10/2015,792.12
6/11/2015,643.06
6/12/2015,321.35
6/13/2015,1014.59
6/14/2015,484.14
6/15/2015,798.01
6/16/2015,541.79
6/17/2015,1123.6
6/18/2015,224.93
6/19/2015,1031.6299999999999
6/20/2015,426.71000000000004
6/21/2015,822.14
6/22/2015,632.76
6/23/2015,778.41
6/24/2015,743.85
6/25/2015,319.85
6/26/2015,756.64
6/27/2015,814.0699999999999
6/28/2015,797.9300000000001
6/29/2015,535.69
6/30/2015,585.63
7/1/2015,702.0600000000001
7/2/2015,338.02
7/3/2015,278.28
7/4/2015,415.40999999999997
7/5/2015,650.28
7/6/2015,791.78
7/7/2015,634.5699999999999
7/8/2015,917.99
7/9/2015,777.65
7/10/2015,521.23
7/11/2015,936.08
7/12/2015,949.37
7/13/2015,874.66
7/14/2015,821.81
7/15/2015,682.11
7/16/2015,438.32
7/17/2015,137.51999999999998
7/18/2015,529.93
7/19/2015,981.34
7/20/2015,883.39
7/21/2015,764.14
7/22/2015,408.21
7/23/2015,540.53
7/24/2015,384.90999999999997
7/25/2015,564.3
7/26/2015,1029.5
7/27/2015,594.04
7/28/2015,809.67
7/29/2015,888.73
7/30/2015,345.77
7/31/2015,796.33
8/1/2015,810.3100000000001
8/2/2015,401.90999999999997
8/3/2015,453.23
8/4/2015,731.96
8/5/2015,897.77
8/6/2015,361.52
8/7/2015,437.28999999999996
8/8/2015,694.19
8/9/2015,793.0999999999999
8/10/2015,600.77
8/11/2015,556.66
8/12/2015,887.24
8/13/2015,452.83
8/14/2015,245.26
8/15/2015,692.5899999999999
8/16/2015,1262.59
8/17/2015,788.04
8/18/2015,616.79
8/19/2015,668.82
8/20/2015,532.34
8/21/2015,915.73
8/22/2015,636.6
8/23/2015,620.76
8/24/2015,468.96
8/25/2015,677.34
8/26/2015,540.4
8/27/2015,299.57
8/28/2015,427.41
8/29/2015,859.62
8/30/2015,441.61
8/31/2015,825.69
9/1/2015,479.48
9/2/2015,1105.27
9/3/2015,209.07999999999998
9/4/2015,541.03
9/5/2015,342.11
9/6/2015,846.95
9/7/2015,468.71
9/8/2015,780.75
9/9/2015,920.84
9/10/2015,783.8
9/11/2015,379.84000000000003
9/12/2015,703.45
9/13/2015,899.5600000000001
9/14/2015,724.05
9/15/2015,988.59
9/16/2015,552.74
9/17/2015,320.49
9/18/2015,290.51
9/19/2015,886.91
9/20/2015,1027.51
9/21/2015,608.0699999999999
9/22/2015,544.1700000000001
9/23/2015,910.25
9/24/2015,601.1700000000001
9/25/2015,356.65999999999997
9/26/2015,847.16
9/27/2015,795.42
9/28/2015,807.83
9/29/2015,707.91
9/30/2015,819.72
10/1/2015,409.1
10/2/2015,256.92
10/3/2015,779.14
10/4/2015,653.93
10/5/2015,683.29
10/6/2015,582.71
10/7/2015,565.4
10/8/2015,567.13
10/9/2015,344.27
10/10/2015,586.82
10/11/2015,661.6800000000001
10/12/2015,804.64
10/13/2015,704.99
10/14/2015,1156.78
10/15/2015,459.09000000000003
10/16/2015,89.41
10/17/2015,855.33
10/18/2015,1305.86
10/19/2015,1093.66
10/20/2015,1111.77
10/21/2015,734.13
10/22/2015,528.2
10/23/2015,553.69
10/24/2015,757.88
10/25/2015,773.98
10/26/2015,842.96
10/27/2015,839.53
10/28/2015,763.46
10/29/2015,496.18
10/30/2015,454.79
10/31/2015,763.51
11/1/2015,642.85
11/2/2015,1168.3899999999999
11/3/2015,896.26
11/4/2015,570.36
11/5/2015,334.28999999999996
11/6/2015,659.73
11/7/2015,800.15
11/8/2015,746.79
11/9/2015,751.07
11/10/2015,784.48
11/11/2015,658.06
11/12/2015,32.45
11/13/2015,664.08
11/14/2015,801.66
11/15/2015,557.4
11/16/2015,823.22
11/17/2015,716.99
11/18/2015,777.21
11/19/2015,665.03
11/20/2015,545.63
11/21/2015,788.49
11/22/2015,933.6
11/23/2015,724.58
11/24/2015,424.55
11/25/2015,963.22
11/26/2015,357.15999999999997
11/27/2015,263.86
11/28/2015,591.53
11/29/2015,547.48
11/30/2015,486.61
12/1/2015,729.24
12/2/2015,543.1
12/3/2015,501.12
12/4/2015,354.02
12/5/2015,754.13
12/6/2015,897.73
12/7/2015,867.73
12/8/2015,916.6600000000001
12/9/2015,571.14
12/10/2015,503.82
12/11/2015,312.38
12/12/2015,607.01
12/13/2015,412.5
12/14/2015,504.02
12/15/2015,1555.76
12/16/2015,599.48
12/17/2015,337.90999999999997
12/18/2015,38.96
12/19/2015,568.99
12/20/2015,894.09
12/21/2015,573.52
12/22/2015,709.66
12/23/2015,1049.59
12/24/2015,593.27
12/25/2015,364.5
12/26/2015,1096.6399999999999
12/27/2015,952.66
12/28/2015,546.45
12/29/2015,642.2
12/30/2015,365.33
12/31/2015,221.69
1/1/2016,700.92
1/2/2016,298.58
1/3/2016,533.33
1/4/2016,592.6
1/5/2016,723.07
1/6/2016,593.8
1/7/2016,761.82
1/8/2016,541.75
1/9/2016,732.02
1/10/2016,977.1700000000001
1/11/2016,762.47
1/12/2016,521.15
1/13/2016,308.62
1/14/2016,691.96
1/15/2016,795.77
1/16/2016,253.78
1/17/2016,108.94
1/18/2016,308.87
1/19/2016,983.5
1/20/2016,709
1/21/2016,608.69
1/22/2016,277.65999999999997
1/23/2016,580.02
1/24/2016,431.21999999999997
1/25/2016,511.49
1/26/2016,682.67
1/27/2016,637.08
1/28/2016,1041.1
1/29/2016,553.45
1/30/2016,640.59
1/31/2016,587.09
2/1/2016,659.99
2/2/2016,713.11
2/3/2016,1062.03
2/4/2016,957.3199999999999
2/5/2016,212.67000000000002
2/6/2016,25.12
2/7/2016,713
2/8/2016,660.24
2/9/2016,362.28
2/10/2016,584.6
2/11/2016,1043.6599999999999
2/12/2016,77.00999999999999
2/13/2016,171.8
2/14/2016,776.28
2/15/2016,607.17
2/16/2016,467.9
2/17/2016,452.53999999999996
2/18/2016,704.27
2/19/2016,381.55
2/20/2016,615.91
2/21/2016,610.22
2/22/2016,660.52
2/23/2016,487.53000000000003
2/24/2016,726.87
2/25/2016,785.45
2/26/2016,446.36
2/27/2016,391.75
2/28/2016,1013.12
2/29/2016,0
3/1/2016,752.3499999999999
3/2/2016,491.56
3/3/2016,774.08
3/4/2016,395.34
3/5/2016,348.25
3/6/2016,530.83
3/7/2016,610.99
3/8/2016,660.27
3/9/2016,589
3/10/2016,412.54
3/11/2016,902.5600000000001
3/12/2016,408.58
3/13/2016,579.37
3/14/2016,860.1
3/15/2016,673.77
3/16/2016,761.9300000000001
3/17/2016,845.32
3/18/2016,178.76000000000002
3/19/2016,363.25
3/20/2016,464.34000000000003
3/21/2016,893.19
3/22/2016,568.89
3/23/2016,880.43
3/24/2016,835.69
3/25/2016,428.73
3/26/2016,326.85
3/27/2016,917.21
3/28/2016,669.39
3/29/2016,1198.54
3/30/2016,825.35
3/31/2016,821.62
4/1/2016,489.78000000000003
4/2/2016,364.61
4/3/2016,499.74
4/4/2016,727.65
4/5/2016,599.6899999999999
4/6/2016,690.63
4/7/2016,683.4
4/8/2016,219.36
4/9/2016,718.1700000000001
4/10/2016,878.21
4/11/2016,739.37
4/12/2016,677.2
4/13/2016,743.54
4/14/2016,730.67
4/15/2016,136.38
4/16/2016,681.11
4/17/2016,677
4/18/2016,577.82
4/19/2016,829.48
4/20/2016,945.45
4/21/2016,582.51
4/22/2016,307.57
4/23/2016,475.87
4/24/2016,921.65
4/25/2016,747.16
4/26/2016,953.24
4/27/2016,760.49
4/28/2016,781.21
4/29/2016,560.29
4/30/2016,387.8
5/1/2016,804.61
5/2/2016,818.01
5/3/2016,513.55
5/4/2016,698.7
5/5/2016,1117.37
5/6/2016,295.23
5/7/2016,333.23
5/8/2016,806
5/9/2016,620.89
5/10/2016,640.09
5/11/2016,743.89
5/12/2016,729.15
5/13/2016,467.59999999999997
5/14/2016,307.76
5/15/2016,512.24
5/16/2016,718.9200000000001
5/17/2016,602.57
5/18/2016,803.74
5/19/2016,765.78
5/20/2016,230.41
5/21/2016,444.56999999999994
5/22/2016,883
5/23/2016,751.1
5/24/2016,911.37
5/25/2016,904.77
5/26/2016,814.13
5/27/2016,447.7
5/28/2016,322.03
5/29/2016,579.06
5/30/2016,657.6
5/31/2016,707.59
6/1/2016,360.34000000000003
6/2/2016,750.02
6/3/2016,345.23
6/4/2016,537.76
6/5/2016,637.29
6/6/2016,783.44
6/7/2016,818.16
6/8/2016,517.33
6/9/2016,758.74
6/10/2016,659.86
6/11/2016,269.45
6/12/2016,785
6/13/2016,480.95
6/14/2016,658.66
6/15/2016,451.8
6/16/2016,871.95
6/17/2016,788.63
6/18/2016,417.28
6/19/2016,1412.64
6/20/2016,557.59
6/21/2016,1021.49
6/22/2016,729.16
6/23/2016,724.19
6/24/2016,211.9
6/25/2016,539.25
6/26/2016,791.44
6/27/2016,786.0699999999999
6/28/2016,481.49
6/29/2016,836.52
6/30/2016,807.39
7/1/2016,302.84000000000003
7/2/2016,466.01
7/3/2016,873.41
7/4/2016,435.82
7/5/2016,693.42
7/6/2016,718.41
7/7/2016,426.15
7/8/2016,952.13
7/9/2016,408.84000000000003
7/10/2016,389.4
7/11/2016,598.96
7/12/2016,163.24
7/13/2016,512.31
7/14/2016,402.06
7/15/2016,240.07999999999998
7/16/2016,728.9200000000001
7/17/2016,501.56
7/18/2016,459
7/19/2016,721.0799999999999
7/20/2016,515.09
7/21/2016,380.92
7/22/2016,570.28
7/23/2016,354.1
7/24/2016,303.17
7/25/2016,851.07
7/26/2016,1003.34
7/27/2016,1154.84
7/28/2016,547.2
7/29/2016,283.3
7/30/2016,168.35
7/31/2016,605.73
8/1/2016,689.52
8/2/2016,722.44
8/3/2016,893.74
8/4/2016,428.26
8/5/2016,120.93
8/6/2016,257.24
8/7/2016,759.5
8/8/2016,775.08
8/9/2016,583.14
8/10/2016,682.35
8/11/2016,685.49
8/12/2016,315.41
8/13/2016,607.95
8/14/2016,688.47
8/15/2016,807.72
8/16/2016,1226.42
8/17/2016,141.95
8/18/2016,42.77
8/19/2016,162.26999999999998
8/20/2016,224.64000000000001
8/21/2016,753.8
8/22/2016,702.01
8/23/2016,580.87
8/24/2016,915.0699999999999
8/25/2016,475.48
8/26/2016,529.98
8/27/2016,1047.97
8/28/2016,794.59
8/29/2016,716.16
8/30/2016,669.78
8/31/2016,795.86
9/1/2016,678.41
9/2/2016,266.42
9/3/2016,228.18
9/4/2016,456.29
9/5/2016,1031.93
9/6/2016,770.87
9/7/2016,658.91
9/8/2016,698.54
9/9/2016,893.62
9/10/2016,719.98
9/11/2016,902.61
9/12/2016,449.81
9/13/2016,733.28
9/14/2016,611.19
9/15/2016,718.99
9/16/2016,584.98
9/17/2016,477.09000000000003
9/18/2016,519.77
9/19/2016,476.65000000000003
9/20/2016,747.16
9/21/2016,675.87
9/22/2016,801.6
9/23/2016,196.37
9/24/2016,123.53999999999999
9/25/2016,754.58
9/26/2016,627.3
9/27/2016,387.75
9/28/2016,717.75
9/29/2016,828.63
9/30/2016,413.44
10/1/2016,463.32
10/2/2016,610.64
10/3/2016,606.06
10/4/2016,694.3100000000001
10/5/2016,549.06
10/6/2016,616.9
10/7/2016,240.8
10/8/2016,685.58
10/9/2016,628.47
10/10/2016,402.57
10/11/2016,689.39
10/12/2016,390.05
10/13/2016,796.9399999999999
10/14/2016,638.46
10/15/2016,338.57
10/16/2016,872.7
10/17/2016,705.88
10/18/2016,545.51
10/19/2016,680.16
10/20/2016,455.86
10/21/2016,526.85
10/22/2016,693.58
10/23/2016,697.41
10/24/2016,735.5
10/25/2016,573.59
10/26/2016,667.8299999999999
10/27/2016,626
10/28/2016,385.06
10/29/2016,336.07
10/30/2016,477.68
10/31/2016,615.79
11/1/2016,897.8
11/2/2016,734.25
11/3/2016,608.89
11/4/2016,301.87
11/5/2016,506.44
11/6/2016,736.05
11/7/2016,344.65999999999997
11/8/2016,879.8
11/9/2016,502.29999999999995
11/10/2016,1117.97
11/11/2016,530.91
11/12/2016,232.52
11/13/2016,731.05
11/14/2016,730.23
11/15/2016,1165.19
11/16/2016,626.07
11/17/2016,536.53
11/18/2016,793.09
11/19/2016,736.75
11/20/2016,986.4
11/21/2016,842.86
11/22/2016,541.22
11/23/2016,929.11
11/24/2016,1021.97
11/25/2016,42.089999999999996
11/26/2016,553.75
11/27/2016,612.91
11/28/2016,966.5699999999999
11/29/2016,686.13
11/30/2016,761.9499999999999
12/1/2016,617.85
12/2/2016,672.05
12/3/2016,286.15
12/4/2016,565.79
12/5/2016,697.15
12/6/2016,812.76
12/7/2016,730.77
12/8/2016,911.58
12/9/2016,170.03
12/10/2016,406.56
12/11/2016,363.48
12/12/2016,574.1
12/13/2016,1105.66
12/14/2016,482.73
12/15/2016,834.5600000000001
12/16/2016,96.36000000000001
12/17/2016,598.36
12/18/2016,996.67
12/19/2016,1013.76
12/20/2016,796.35
12/21/2016,888.54
12/22/2016,655.77
12/23/2016,295.36
12/24/2016,380.73
12/25/2016,285.12
12/26/2016,593.77
12/27/2016,1307.95
12/28/2016,1000.34
12/29/2016,820.36
12/30/2016,184.59
12/31/2016,604.23
1/1/2017,451.53
1/2/2017,341.44
1/3/2017,473.79
1/4/2017,856.0699999999999
1/5/2017,742.86
1/6/2017,625.9
1/7/2017,846.82
1/8/2017,439.1
1/9/2017,20.16
1/10/2017,631.91
1/11/2017,773.39
1/12/2017,1458.1000000000001
1/13/2017,935.38
1/14/2017,965.2
1/15/2017,854.06
1/16/2017,502.45
1/17/2017,610.22
1/18/2017,959.8
1/19/2017,844.83
1/20/2017,478.53
1/21/2017,719.5
1/22/2017,446.03999999999996
1/23/2017,525.65
1/24/2017,675.51
1/25/2017,947.17
1/26/2017,588.42
1/27/2017,641.27
1/28/2017,600.9300000000001
1/29/2017,111.42
1/30/2017,411.46000000000004
1/31/2017,801.94
2/1/2017,878.28
2/2/2017,728.31
2/3/2017,929.56
2/4/2017,683.24
2/5/2017,311.59
2/6/2017,519.59
2/7/2017,646.72
2/8/2017,766.77
2/9/2017,799.39
2/10/2017,718.59
2/11/2017,1094.78
2/12/2017,654.27
2/13/2017,371.29
2/14/2017,852.31
2/15/2017,1044.28
2/16/2017,884.07
2/17/2017,912.46
2/18/2017,547.1
2/19/2017,544.04
2/20/2017,456.86
2/21/2017,657.72
2/22/2017,602.12
2/23/2017,634.38
2/24/2017,685.69
2/25/2017,624.87
2/26/2017,232.31
2/27/2017,469.63
2/28/2017,495.95
3/1/2017,747.48
3/2/2017,538.5699999999999
3/3/2017,1262.75
3/4/2017,998.84
3/5/2017,209.09
3/6/2017,495.53
3/7/2017,531.23
3/8/2017,700.23
3/9/2017,446.98
3/10/2017,685
3/11/2017,596
3/12/2017,261.05
3/13/2017,467.94
3/14/2017,675.48
3/15/2017,452.63
3/16/2017,381.3
3/17/2017,914.33
3/18/2017,843.63
3/19/2017,375.43
3/20/2017,436.63
3/21/2017,941.55
3/22/2017,595.71
3/23/2017,500.81
3/24/2017,518.26
3/25/2017,1694.55
3/26/2017,692.55
3/27/2017,579.38
3/28/2017,760.14
3/29/2017,913.01
3/30/2017,597.17
3/31/2017,606.85
4/1/2017,960.36
4/2/2017,315.2
4/3/2017,424.29
4/4/2017,822.4
4/5/2017,594.05
4/6/2017,655.97
4/7/2017,305.58
4/8/2017,587.97
4/9/2017,617.24
4/10/2017,283.01
4/11/2017,599.22
4/12/2017,604.64
4/13/2017,573.88
4/14/2017,1047.5
4/15/2017,576.97
4/16/2017,640.08
4/17/2017,289.91
4/18/2017,790.3
4/19/2017,544.23
4/20/2017,921.01
4/21/2017,844.9
4/22/2017,952.67
4/23/2017,556.75
4/24/2017,486.76
4/25/2017,535.84
4/26/2017,604.96
4/27/2017,642.41
4/28/2017,551.03
4/29/2017,782.27
4/30/2017,1310.49
5/1/2017,1190.33
5/2/2017,723.3199999999999
5/3/2017,862.63
5/4/2017,743.17
5/5/2017,722.8199999999999
5/6/2017,880.75
5/7/2017,300.65
5/8/2017,305.34000000000003
5/9/2017,646.19
5/10/2017,960.54
5/11/2017,1017.12
5/12/2017,892.13
5/13/2017,871.51
5/14/2017,155.48
5/15/2017,495.76
5/16/2017,410.32
5/17/2017,690.2
5/18/2017,707.81
5/19/2017,754.42
5/20/2017,699.03
5/21/2017,402.03999999999996
5/22/2017,506.91
5/23/2017,797.35
5/24/2017,766.23
5/25/2017,757.88
5/26/2017,887.55
5/27/2017,542.39
5/28/2017,510.68
5/29/2017,226.48000000000002
5/30/2017,527.41
5/31/2017,716.24
6/1/2017,852.38
6/2/2017,925.6800000000001
6/3/2017,805.36
6/4/2017,568.87
6/5/2017,582.62
6/6/2017,958.28
6/7/2017,870.99
6/8/2017,674.47
6/9/2017,1046.3899999999999
6/10/2017,679.1
6/11/2017,416.81
6/12/2017,579.2
6/13/2017,832.24
6/14/2017,586.02
6/15/2017,1075.67
6/16/2017,701.14
6/17/2017,710.35
6/18/2017,436.58
6/19/2017,578.21
6/20/2017,929.19
6/21/2017,451.84
6/22/2017,824.1
6/23/2017,705.53
6/24/2017,620.46
6/25/2017,365.53000000000003
6/26/2017,530.37
6/27/2017,780.66
6/28/2017,648
6/29/2017,748.98
6/30/2017,946.16
7/1/2017,1134.83
7/2/2017,456.07
7/3/2017,227.22
7/4/2017,614.06
7/5/2017,1011.74
7/6/2017,422.36
7/7/2017,941.49
7/8/2017,826.99
7/9/2017,122.68
7/10/2017,597.66
7/11/2017,668.5
7/12/2017,1134.1000000000001
7/13/2017,887.5699999999999
7/14/2017,582.5
7/15/2017,347.91999999999996
7/16/2017,998.05
7/17/2017,482.45
7/18/2017,283.72
7/19/2017,540.16
7/20/2017,389.82
7/21/2017,428.07
7/22/2017,505.15
7/23/2017,308.51
7/24/2017,476.27
7/25/2017,484.81
7/26/2017,618.34
7/27/2017,375.55
7/28/2017,816.21
7/29/2017,372.69
7/30/2017,635.55
7/31/2017,296.56
8/1/2017,496.12
8/2/2017,693.88
8/3/2017,497.83
8/4/2017,861.13
8/5/2017,1084.05
8/6/2017,382.29
8/7/2017,420.24
8/8/2017,692.09
8/9/2017,668.72
8/10/2017,861.4
8/11/2017,519.36
8/12/2017,661.02
8/13/2017,479.05
8/14/2017,730.04
8/15/2017,628.5600000000001
8/16/2017,644.86
8/17/2017,805.97
8/18/2017,811.38
8/19/2017,1570.47
8/20/2017,709.29
8/21/2017,487.96
8/22/2017,382.36
8/23/2017,389.56
8/24/2017,805.41
8/25/2017,348.7
8/26/2017,415.55
8/27/2017,935.5699999999999
8/28/2017,488.3
8/29/2017,470.23
8/30/2017,427.38
8/31/2017,532.84
9/1/2017,677.07
9/2/2017,319.62
9/3/2017,269.38
9/4/2017,451.75
9/5/2017,392.87
9/6/2017,447.76
9/7/2017,423.98
9/8/2017,475.59999999999997
9/9/2017,617.86
9/10/2017,331.35
9/11/2017,554.53
9/12/2017,645.87
9/13/2017,556.84
9/14/2017,1161.91
9/15/2017,611.84
9/16/2017,756.06
9/17/2017,239.25
9/18/2017,360.54
9/19/2017,613.46
9/20/2017,855.88
9/21/2017,957.89
9/22/2017,857.3
9/23/2017,755.02
9/24/2017,354.55
9/25/2017,748.5699999999999
9/26/2017,590.0600000000001
9/27/2017,584.52
9/28/2017,685.28
9/29/2017,463.55
9/30/2017,520.11
10/1/2017,255.19
10/2/2017,316.74
10/3/2017,739.86
10/4/2017,678.26
10/5/2017,973.08
10/6/2017,920.05
10/7/2017,769.04
10/8/2017,648.28
10/9/2017,470.16999999999996
10/10/2017,1032.35
10/11/2017,1346.02
10/12/2017,716.4
10/13/2017,636.23
10/14/2017,703.74
10/15/2017,401.89
10/16/2017,519.37
10/17/2017,768.69
10/18/2017,746.4
10/19/2017,1277.53
10/20/2017,542.46
10/21/2017,833.48
10/22/2017,273.43
10/23/2017,388.26
10/24/2017,694.53
10/25/2017,608.97
10/26/2017,557.74
10/27/2017,1143.97
10/28/2017,697.95
10/29/2017,359.84
10/30/2017,377.5
10/31/2017,964.74
11/1/2017,473.68
11/2/2017,670.71
11/3/2017,584.14
11/4/2017,619.93
11/5/2017,294.69
11/6/2017,431.96
11/7/2017,677.14
11/8/2017,407.16
11/9/2017,565
11/10/2017,680.99
11/11/2017,572.83
11/12/2017,608.28
11/13/2017,475.58
11/14/2017,1030.8
11/15/2017,115.95
11/16/2017,411.02
11/17/2017,372.9
11/18/2017,886.37
11/19/2017,470.14
11/20/2017,434.48
11/21/2017,475.71000000000004
11/22/2017,713.76
11/23/2017,757.2
11/24/2017,481.35
11/25/2017,1123.88
11/26/2017,445.86
11/27/2017,435.75
11/28/2017,776.28
11/29/2017,790.11
11/30/2017,576.58
12/1/2017,633.6
12/2/2017,738.36
12/3/2017,124.4
12/4/2017,813.41
12/5/2017,494.76
12/6/2017,289.84000000000003
12/7/2017,189.28
12/8/2017,563.07
12/9/2017,782.68
12/10/2017,478.76
12/11/2017,325.43
12/12/2017,589.47
12/13/2017,652.17
12/14/2017,644.05
12/15/2017,686.76
12/16/2017,446.96999999999997
12/17/2017,583.88
12/18/2017,92.19
12/19/2017,596.82
12/20/2017,857.25
12/21/2017,973.05
12/22/2017,384.28
12/23/2017,616.76
12/24/2017,503.52
12/25/2017,230.88
12/26/2017,956.79
12/27/2017,718.35
12/28/2017,508.79
12/29/2017,490.93
12/30/2017,788.78
12/31/2017,276.53000000000003
1/1/2018,163.88
1/2/2018,322.86
1/3/2018,832.36
1/4/2018,854.9
1/5/2018,607.79
1/6/2018,824.24
1/7/2018,761.74
1/8/2018,238.05
1/9/2018,280.87
1/10/2018,792.13
1/11/2018,481.39
1/12/2018,812.73
1/13/2018,1234.53
1/14/2018,491.87
1/15/2018,573.99
1/16/2018,589.03
1/17/2018,320.17
1/18/2018,491.37
1/19/2018,438.26
1/20/2018,813.71
1/21/2018,515.71
1/22/2018,500.28
1/23/2018,468.94
1/24/2018,770.14
1/25/2018,764.87
1/26/2018,644.21
1/27/2018,1035.72
1/28/2018,690.34
1/29/2018,564.76
1/30/2018,461.15999999999997
1/31/2018,969.27
2/1/2018,696.66
2/2/2018,717.91
2/3/2018,837.91
2/4/2018,851.22
2/5/2018,299.08000000000004
2/6/2018,444.22
2/7/2018,620.23
2/8/2018,393.78999999999996
2/9/2018,867.99
2/10/2018,935.98
2/11/2018,770.01
2/12/2018,760.47
2/13/2018,640.99
2/14/2018,836.34
2/15/2018,722.36
2/16/2018,863.75
2/17/2018,608.27
2/18/2018,793.33
2/19/2018,291.05
2/20/2018,488.01
2/21/2018,691.89
2/22/2018,1132.05
2/23/2018,798.53
2/24/2018,779.42
2/25/2018,986.67
2/26/2018,320.23
2/27/2018,339.35
2/28/2018,649.37
3/1/2018,648.98
3/2/2018,602.95
3/3/2018,747.61
3/4/2018,512.72
3/5/2018,421.21000000000004
3/6/2018,369.58
3/7/2018,691.25
3/8/2018,882.12
3/9/2018,916.16
3/10/2018,841.02
3/11/2018,955.5
3/12/2018,471.09000000000003
3/13/2018,255.09
3/14/2018,658.29
3/15/2018,622.03
3/16/2018,854.68
3/17/2018,745.42
3/18/2018,1091.96
3/19/2018,453.75
3/20/2018,555.1899999999999
3/21/2018,710.63
3/22/2018,685.5
3/23/2018,680.59
3/24/2018,979.58
3/25/2018,242.61
3/26/2018,171.84
3/27/2018,689.41
3/28/2018,554.16
3/29/2018,495.40999999999997
3/30/2018,1077.96
3/31/2018,727.9300000000001
4/1/2018,992.6999999999999
4/2/2018,442.71000000000004
4/3/2018,359.44
4/4/2018,836.18
4/5/2018,830.97
4/6/2018,726.52
4/7/2018,705.38
4/8/2018,492.48
4/9/2018,132.02
4/10/2018,284.53
4/11/2018,897.12
4/12/2018,958.23
4/13/2018,1056.55
4/14/2018,599.84
4/15/2018,865.33
4/16/2018,287.67
4/17/2018,125.56
4/18/2018,3563.15
4/19/2018,999.87
4/20/2018,642.35
4/21/2018,798.4200000000001
4/22/2018,571.51
4/23/2018,646.9
4/24/2018,194.86
4/25/2018,394.83
4/26/2018,747.61
4/27/2018,958.2
4/28/2018,767.89
4/29/2018,746.28
4/30/2018,367.09
5/1/2018,423.62
5/2/2018,1124.27
5/3/2018,1579.6299999999999
5/4/2018,445.69
5/5/2018,666.33
5/6/2018,459.75
5/7/2018,484.89
5/8/2018,260.34999999999997
5/9/2018,412.16
5/10/2018,580.39
5/11/2018,288.2
5/12/2018,499.90000000000003
5/13/2018,561.58
5/14/2018,359.96
5/15/2018,384.98
5/16/2018,486.63
5/17/2018,999.6
5/18/2018,255.51000000000002
5/19/2018,610.9
5/20/2018,388.65
5/21/2018,286.64
5/22/2018,946.08
5/23/2018,557.72
5/24/2018,493.27
5/25/2018,629.8
5/26/2018,442.05
5/27/2018,567.73
5/28/2018,511.73
5/29/2018,273.71000000000004
5/30/2018,618.96
5/31/2018,947.19
6/1/2018,489.93
6/2/2018,424.41
6/3/2018,741.32
6/4/2018,403.14
6/5/2018,392.84000000000003
6/6/2018,739.57
6/7/2018,676.85
6/8/2018,684.7
6/9/2018,636.5
6/10/2018,760.96
6/11/2018,467.97999999999996
6/12/2018,808.85
6/13/2018,999.44
6/14/2018,653.77
6/15/2018,656.38
6/16/2018,503.38
6/17/2018,576.21
6/18/2018,627.59
6/19/2018,766.82
6/20/2018,737.04
6/21/2018,727.35
6/22/2018,945.12
6/23/2018,553.02
6/24/2018,653.95
6/25/2018,743.47
6/26/2018,382.89
6/27/2018,638.8000000000001
6/28/2018,946.86
6/29/2018,833.52
6/30/2018,1020.65
7/1/2018,1008.01
7/2/2018,105.78
7/3/2018,608.28
7/4/2018,919.85
7/5/2018,1111.36
7/6/2018,1040.77
7/7/2018,1093.77
7/8/2018,851.51
7/9/2018,525.87
7/10/2018,19.93
7/11/2018,428.18
7/12/2018,853.49
7/13/2018,627.61
7/14/2018,576
7/15/2018,540.3199999999999
7/16/2018,852.4
7/17/2018,268.31
7/18/2018,836.06
7/19/2018,816.91
7/20/2018,803.29
7/21/2018,489.72
7/22/2018,514.94
7/23/2018,384.24
7/24/2018,399.39
7/25/2018,771.78
7/26/2018,635.11
7/27/2018,432.69
7/28/2018,693.74
7/29/2018,568.96
7/30/2018,554.14
7/31/2018,592.95
8/1/2018,531.53
8/2/2018,532.96
8/3/2018,661.4
8/4/2018,651.49
8/5/2018,577.96
8/6/2018,666.44
8/7/2018,535.1700000000001
8/8/2018,397.47
8/9/2018,453
8/10/2018,819.17
8/11/2018,742.07
8/12/2018,530.38
8/13/2018,357.38
8/14/2018,79.05
8/15/2018,317.01
8/16/2018,34.64
8/17/2018,903.66
8/18/2018,624.78
8/19/2018,750.73
8/20/2018,226.3
8/21/2018,552.61
8/22/2018,899.02
8/23/2018,368.22
8/24/2018,558.7
8/25/2018,551.49
8/26/2018,847.22
8/27/2018,775.93
8/28/2018,381.57
8/29/2018,749.7
8/30/2018,572.7
8/31/2018,445.32000000000005
9/1/2018,662.73
9/2/2018,1232.76
9/3/2018,531.41
9/4/2018,694.76
9/5/2018,535.46
9/6/2018,655.55
9/7/2018,960.13
9/8/2018,468.69
9/9/2018,640.64
9/10/2018,146.23
9/11/2018,258.84
9/12/2018,568.71
9/13/2018,809.97
9/14/2018,834.02
9/15/2018,342.7
9/16/2018,366.78000000000003
9/17/2018,564.62
9/18/2018,261.84
9/19/2018,716.65
9/20/2018,676.61
9/21/2018,866.34
9/22/2018,741.82
9/23/2018,1242.42
9/24/2018,410.62
9/25/2018,621.84
9/26/2018,654.8199999999999
9/27/2018,648.77
9/28/2018,685.56
9/29/2018,727.1800000000001
9/30/2018,686.15
10/1/2018,499.58
10/2/2018,420.15999999999997
10/3/2018,975.12
10/4/2018,599.5799999999999
10/5/2018,928.82
10/6/2018,773.66
10/7/2018,1024.3
10/8/2018,448.16999999999996
10/9/2018,429.65
10/10/2018,652.69
10/11/2018,633.82
10/12/2018,642.3000000000001
10/13/2018,784.47
10/14/2018,614.21
10/15/2018,321.74
10/16/2018,140.05
10/17/2018,327.44
10/18/2018,962.46
10/19/2018,1032.24
10/20/2018,770.96
10/21/2018,778.31
10/22/2018,570.42
10/23/2018,288.24
10/24/2018,563.12
10/25/2018,1434.67
10/26/2018,755.73
10/27/2018,807.63
10/28/2018,882.79
10/29/2018,428.75
10/30/2018,146.26
10/31/2018,981.26
11/1/2018,542.27
11/2/2018,502.68
11/3/2018,976.98
11/4/2018,989.16
11/5/2018,233.96
11/6/2018,310.27
11/7/2018,1341.23
11/8/2018,579.5699999999999
11/9/2018,600.16
11/10/2018,715.71
11/11/2018,469.41
11/12/2018,440.28000000000003
11/13/2018,889.63
11/14/2018,815.05
11/15/2018,810.75
11/16/2018,622.4
11/17/2018,714.44
11/18/2018,462.54
11/19/2018,509.04
11/20/2018,441.67
11/21/2018,426.85
11/22/2018,561.16
11/23/2018,841.7
11/24/2018,479.76
11/25/2018,428.71
11/26/2018,422.44
11/27/2018,992.44
11/28/2018,903.55
11/29/2018,801.43
11/30/2018,835.16
12/1/2018,861.05
12/2/2018,874.15
12/3/2018,609.22
12/4/2018,515.6
12/5/2018,444.55
12/6/2018,668.73
12/7/2018,737.2
12/8/2018,691.27
12/9/2018,476.55
12/10/2018,337.59
12/11/2018,332.77
12/12/2018,732.23
12/13/2018,373.55
12/14/2018,998.46
12/15/2018,738.63
12/16/2018,825.5899999999999
12/17/2018,278.85
12/18/2018,382.37
12/19/2018,612.23
12/20/2018,853.79
12/21/2018,720.12
12/22/2018,643.52
12/23/2018,823.33
12/24/2018,395.37
12/25/2018,739.77
12/26/2018,806.87
12/27/2018,588.26
12/28/2018,624.42
12/29/2018,529.63
12/30/2018,790.47
12/31/2018,288.1
1/1/2019,289.54
1/2/2019,197.68
1/3/2019,605.5
1/4/2019,718.3100000000001
1/5/2019,684.8399999999999
1/6/2019,598.7
1/7/2019,1128.17
1/8/2019,429.93
1/9/2019,343
1/10/2019,639
1/11/2019,556.9
1/12/2019,559.48
1/13/2019,1054.6200000000001
1/14/2019,597.87
1/15/2019,532.7
1/16/2019,446.45
1/17/2019,277.74
1/18/2019,859.87
1/19/2019,1163.93
1/20/2019,767.57
1/21/2019,538.43
1/22/2019,132.26999999999998
1/23/2019,542.39
1/24/2019,655.02
1/25/2019,853.92
1/26/2019,1040.63
1/27/2019,1057.15
1/28/2019,1067.93
1/29/2019,681.27
1/30/2019,496.27
1/31/2019,859.6
2/1/2019,727.81
2/2/2019,633.35
2/3/2019,934.72
2/4/2019,935.62
2/5/2019,577.93
2/6/2019,566.51
2/7/2019,909.15
2/8/2019,625.03
2/9/2019,761.29
2/10/2019,550.94
2/11/2019,1013.97
2/12/2019,417.59
2/13/2019,343.57
2/14/2019,629.71
2/15/2019,854.65
2/16/2019,598.46
2/17/2019,700.35
2/18/2019,424.78000000000003
2/19/2019,376.34
2/20/2019,568.38
2/21/2019,755.74
2/22/2019,1182.93
2/23/2019,124.09
2/24/2019,917.15
2/25/2019,1125.06
2/26/2019,714.44
2/27/2019,1012.53
2/28/2019,698.65
3/1/2019,634.27
3/2/2019,349.83
3/3/2019,1233.95
3/4/2019,810.8
3/5/2019,422.83
3/6/2019,395.97
3/7/2019,642.61
3/8/2019,507.21
3/9/2019,747.9
3/10/2019,548.18
3/11/2019,894.17
3/12/2019,798.7
3/13/2019,607.29
3/14/2019,1652.6200000000001
3/15/2019,377.41
3/16/2019,329.01
3/17/2019,292.09000000000003
3/18/2019,239.06
3/19/2019,372.53
3/20/2019,495.14
3/21/2019,417.87
3/22/2019,387.62
3/23/2019,351.27
3/24/2019,467.07
3/25/2019,579.34
3/26/2019,416.33000000000004
3/27/2019,677.78
3/28/2019,445.27
3/29/2019,477.49
3/30/2019,303.70000000000005
3/31/2019,568.55
4/1/2019,584.03
4/2/2019,347.25
4/3/2019,356.15
4/4/2019,908.4399999999999
4/5/2019,633.24
4/6/2019,570.65
4/7/2019,779.63
4/8/2019,767.07
4/9/2019,395.07
4/10/2019,172.41
4/11/2019,592.1800000000001
4/12/2019,655.0500000000001
4/13/2019,848.75
4/14/2019,839.13
4/15/2019,1166.43
4/16/2019,476.90999999999997
4/17/2019,346.26
4/18/2019,1094.65
4/19/2019,627.49
4/20/2019,707.23
4/21/2019,547.97
4/22/2019,926.42
4/23/2019,539.71
4/24/2019,112.12
4/25/2019,669.89
4/26/2019,728.42
4/27/2019,786.49
4/28/2019,604.8100000000001
4/29/2019,672.51
4/30/2019,428.65999999999997
5/1/2019,357.66999999999996
5/2/2019,652.41
5/3/2019,1009.38
5/4/2019,870.36
5/5/2019,836.98
5/6/2019,680.7
5/7/2019,492.58
5/8/2019,454.21000000000004
5/9/2019,760.56
5/10/2019,814.09
5/11/2019,1022.96
5/12/2019,484.82
5/13/2019,1014.95
5/14/2019,344.48
5/15/2019,559.18
5/16/2019,478.02
5/17/2019,424.74
5/18/2019,713.6
5/19/2019,654.57
5/20/2019,864.0799999999999
5/21/2019,694.44
5/22/2019,840.0699999999999
5/23/2019,508.61
5/24/2019,444.99
5/25/2019,613.5
5/26/2019,833.99
5/27/2019,893.62
5/28/2019,500.62
5/29/2019,417.99
5/30/2019,267.7
5/31/2019,795.49
6/1/2019,171.01999999999998
6/2/2019,169.49
6/3/2019,376.01
6/4/2019,714.27
6/5/2019,241.57
6/6/2019,413.42
6/7/2019,597.77
6/8/2019,787.08
6/9/2019,524.9
6/10/2019,570.86
6/11/2019,493.71000000000004
6/12/2019,762.92
6/13/2019,686.22
6/14/2019,687.6800000000001
6/15/2019,819.03
6/16/2019,532.31
6/17/2019,941.88
6/18/2019,200.57
6/19/2019,375.21000000000004
6/20/2019,586.78
6/21/2019,781.76
6/22/2019,666.09
6/23/2019,736.22
6/24/2019,788.72
6/25/2019,299.92
6/26/2019,28.27
6/27/2019,533.43
6/28/2019,835.99
6/29/2019,1673.23
6/30/2019,591.21
7/1/2019,1033.33
7/2/2019,934.98
7/3/2019,708.35
7/4/2019,679.53
7/5/2019,407.13
7/6/2019,471.65999999999997
7/7/2019,773.67
7/8/2019,637.26
7/9/2019,175.85999999999999
7/10/2019,458.21
7/11/2019,775.03
7/12/2019,906.78
7/13/2019,284.78
7/14/2019,802.23
7/15/2019,941.4
7/16/2019,720.25
7/17/2019,288.23
7/18/2019,1180.26
7/19/2019,676.2
7/20/2019,706.28
7/21/2019,795.16
7/22/2019,861.62
7/23/2019,549.67
7/24/2019,687.71
7/25/2019,978.26
7/26/2019,563.75
7/27/2019,679.5799999999999
7/28/2019,394.81
7/29/2019,325.39
7/30/2019,392.26
7/31/2019,443.34
8/1/2019,530.76
8/2/2019,458.05
8/3/2019,386.4
8/4/2019,572.31
8/5/2019,422.56
8/6/2019,519.52
8/7/2019,509.16999999999996
8/8/2019,362.9
8/9/2019,505.32
8/10/2019,291.74
8/11/2019,374.89
8/12/2019,1495.41
8/13/2019,522.5
8/14/2019,466.86
8/15/2019,1146.81
8/16/2019,627.85
8/17/2019,831.03
8/18/2019,758.67
8/19/2019,736.46
8/20/2019,582.15
8/21/2019,820.75
8/22/2019,1332.33
8/23/2019,722.15
8/24/2019,945.39
8/25/2019,672.4300000000001
8/26/2019,581.46
8/27/2019,307.19
8/28/2019,331.74
8/29/2019,801.34
8/30/2019,504.58
8/31/2019,713.87
9/1/2019,400.73
9/2/2019,338.57
9/3/2019,424.57
9/4/2019,666.18
9/5/2019,371.7
9/6/2019,412.48
9/7/2019,401.13
9/8/2019,412.31
9/9/2019,480.79999999999995
9/10/2019,764.99
9/11/2019,175.82999999999998
9/12/2019,530.06
9/13/2019,487.02
9/14/2019,207.07
9/15/2019,459.14
9/16/2019,393.1
9/17/2019,610.14
9/18/2019,202.88
9/19/2019,744.71
9/20/2019,737.23
9/21/2019,622.4
9/22/2019,626.34
9/23/2019,830.8
9/24/2019,817.62
9/25/2019,748.29
9/26/2019,664.69
9/27/2019,824.62
9/28/2019,926.25
9/29/2019,742.25
9/30/2019,639.4
10/1/2019,371.64
10/2/2019,141.45
10/3/2019,947.92
10/4/2019,819.9300000000001
10/5/2019,678.64
10/6/2019,630.37
10/7/2019,505.94
10/8/2019,453.34999999999997
10/9/2019,652.88
10/10/2019,404.23
10/11/2019,937.64
10/12/2019,1053.49
10/13/2019,749.34
10/14/2019,757.3
10/15/2019,581.85
10/16/2019,206.69
10/17/2019,672.26
10/18/2019,852.43
10/19/2019,973.42
10/20/2019,646.9
10/21/2019,700.49
10/22/2019,243.67
10/23/2019,218.89999999999998
10/24/2019,961.89
10/25/2019,639.46
10/26/2019,1391.96
10/27/2019,843.84
10/28/2019,547.53
10/29/2019,249.89
10/30/2019,640.3100000000001
10/31/2019,848.01
